,sample_id,ID,Collection,Sample type,Short name for contribution,Sampling date,Analysis date,Instrument setup used,Monitored City,Monitored country,Latitude,Longitude,Alive or not,Basis of measurement,Biota species name (in Latin),Distance from the river source (km),Fat content (% of total wet matter),"Name of river, estuary, lake, reservoir, sea",Number of orgnanisms,Origin of biota,Proxy pressures,River basin name,Size (mm),Species group,Tissue,Water content(%),Weight (kg),field_country,LD1,LD2
0,19162,19162,LIFE APEX,Real Sample,LIFE APEX 160 Striped dolphin muscle pooled from Bay of Biscay,"Sun, 01/01/2017 - 22:00","Sun, 11/27/2016 - 22:00",LC-Bruker maXis QTOF: Submission #11,Bilbao,Spain,43.353601,-3.133122,1,Wet weight,Striped dolphin,,,,1.0,Marine environment,,,,Fish (22486),Muscle,71.7277261,,Spain,1.2475063175787156,-3.5683946444325656
1,19877,19877,LIFE APEX,Real Sample,LIFE APEX 130 Otter liver from England and Wales (2017),"Sun, 01/01/2017 - 22:00","Sun, 11/27/2016 - 22:00",LC-Bruker maXis QTOF: Submission #11,London,UK,51.57467,-1.067028,0,Wet weight,"Eurasian Otter, Lutra lutra",,,UK,,River,,,,Other (22510),Liver,68.67848587,,Canada,0.8099155486527552,1.4213497064083205
2,19999,19999,LIFE APEX,Real Sample,LIFE APEX 72 Bream muscle from Rhine Bimmen (2004),"Thu, 01/01/2004 - 22:00","Thu, 11/27/2003 - 22:00",LC-Bruker maXis QTOF: Submission #11,Bimmen,Germany,51.86051,6.071775,1,Wet weight,"Bream, Abramis brama",,,Rhine River,,River,,Rhine River Basin,,Fish (22486),Muscle,79.0,,Germany,2.250078051131118,-2.934384177383374
3,21543,21543,LIFE APEX,Real Sample,LIFE APEX 25 Otter liver from North Wales,"Sun, 01/01/2017 - 22:00","Sun, 11/27/2016 - 22:00",LC-Bruker maXis QTOF: Submission #11,Liverpool,UK,52.746127,-3.96748,1,Dry weight,Otter,,,North Wales,,River,,North Wales,,Other (22510),Liver,,,UK,0.5926676301429978,1.721382298177912
4,19164,19164,LIFE APEX,Real Sample,LIFE APEX 156 Harbour Porpoise liver pooled from Varangerfjorden,"Sun, 01/01/2017 - 22:00","Sun, 11/27/2016 - 22:00",LC-Bruker maXis QTOF: Submission #11,Varangerfjorden,Norway,70.142798,28.886762,1,Wet weight,Harbour Porpoise,,,,1.0,Marine environment,,,,Fish (22486),Liver,72.717324,,Norway,0.009140555717416166,2.4134128125828602
5,21585,21585,LIFE APEX,Real Sample,LIFE APEX 05 Bream muscle from Saar Gudingen,"Thu, 01/01/2015 - 22:00","Thu, 11/27/2014 - 22:00",LC-Bruker maXis QTOF: Submission #11,Saarbrucken,Germany,49.25,6.97,1,Dry weight,Bream,,,Rhine river basin,,River,,Rhine river basin,,Fish (22486),Muscel,,,Germany,1.7295187603115516,-3.4021763610004263
6,19090,19090,LIFE APEX,Real Sample,LIFE APEX 159 Eurasian Otter liver pooled from Western Hungary,"Fri, 01/01/2016 - 22:00","Fri, 11/27/2015 - 22:00",LC-Bruker maXis QTOF: Submission #11,Zalaegerszeg,Hungary,46.864745,16.862463,1,Wet weight,Eurasian Otter,,,,3.0,Terrestrial environment,,,,Other (22510),Liver,71.52992421,,Hungary,0.4880166277014783,1.4786592748870593
7,19973,19973,LIFE APEX,Real Sample,LIFE APEX 84 Harbour Seal liver from North Sea (2004),"Thu, 01/01/2004 - 22:00","Thu, 11/27/2003 - 22:00",LC-Bruker maXis QTOF: Submission #11,Cuxhaven,Germany,54.082933,8.48307,1,Wet weight,"Harbour Seal, Phoca vitulina",,,North Sea,,Coastal region,,North Sea Basin,,Other (22510),Liver,72.0,,Germany,0.2904127548667354,1.8801186726612507
8,19933,19933,LIFE APEX,Real Sample,LIFE APEX 103 Buzzard liver from England (2009),"Thu, 01/01/2009 - 22:00","Thu, 11/27/2008 - 22:00",LC-Bruker maXis QTOF: Submission #11,London,UK,51.329021,0.379717,0,Wet weight,"Buzzard, Buteo buteo",,,UK,,Terrestrial environment,,,,Other (22510),Liver,71.72999687,,Canada,0.4282041115996868,1.6472039220493584
9,19116,19116,LIFE APEX,Real Sample,LIFE APEX 144 Eurasian Otter liver pooled from Wales,"Thu, 01/01/2015 - 22:00","Thu, 11/27/2014 - 22:00",LC-Bruker maXis QTOF: Submission #11,Cardiff,UK,51.464898,-3.13467,1,Wet weight,Eurasian Otter,,,,1.0,Terrestrial environment,,,,Other (22510),Liver,67.50842257,,UK,-0.2658312938411148,-1.6302067344447047
10,21489,21489,LIFE APEX,Real Sample,LIFE APEX 53 Otter liver from Harjedalen-Jamtland,"Sun, 01/01/2017 - 22:00","Sun, 11/27/2016 - 22:00",LC-Bruker maXis QTOF: Submission #11,Ostersund,Sweden,63.138889,14.43978,1,Dry weight,Otter,,,Harjedalen-Jamtland,,River,,Harjedalen-Jamtland,,Other (22510),Liver,,,Sweden,0.597837291480136,2.091185425794768
11,21503,21503,LIFE APEX,Real Sample,LIFE APEX 46 Herring muscle from Angskarsklubb,"Mon, 01/01/2018 - 22:00","Mon, 11/27/2017 - 22:00",LC-Bruker maXis QTOF: Submission #11,Norrtalje,Sweden,59.767709,18.805003,1,Dry weight,Herring,,,Angskarsklubb,,Coastal region,,Angskarsklubb,,Other (22510),Muscel,,,Sweden,0.9384866531212518,0.5596245363361707
12,19062,19062,LIFE APEX,Real Sample,"LIFE APEX 190 Buzzard liver pooled from Reutlingen, Oberhausen, Lichtenstein","Mon, 01/01/2018 - 22:00","Mon, 11/27/2017 - 22:00",LC-Bruker maXis QTOF: Submission #11,Reutlingen,Germany,48.466091,9.165925,1,Wet weight,Buzzard,,,,3.0,Terrestrial environment,,,,Bird (22511),Liver,73.0,,Germany,-6.914151235450201,-1.2205199502844226
13,19050,19050,LIFE APEX,Real Sample,LIFE APEX 196 Buzzard liver pooled from Cluj-Napoca,"Tue, 01/01/2019 - 22:00","Tue, 11/27/2018 - 22:00",LC-Bruker maXis QTOF: Submission #11,Cluj-Napoca,Romania,46.735113,23.563525,1,Wet weight,Buzzard,,,,1.0,Terrestrial environment,,,,Bird (22511),Liver,77.5,,Romania,-7.582897628095003,-1.4606075242108936
14,19124,19124,LIFE APEX,Real Sample,"LIFE APEX 139 Eurasian Otter liver pooled from Basilicata, Abruzzo region","Wed, 01/01/2014 - 22:00","Wed, 11/27/2013 - 22:00",LC-Bruker maXis QTOF: Submission #11,Pescara,Italy,42.436459,14.270927,1,Wet weight,Eurasian Otter,,,,1.0,Terrestrial environment,,,,Other (22510),Liver,70.56015773,,Italy,-1.040515801787967,1.4872652241625623
15,21471,21471,LIFE APEX,Real Sample,LIFE APEX 60 Harbour Seal liver from Busum 01,"Thu, 01/01/2015 - 22:00","Thu, 11/27/2014 - 22:00",LC-Bruker maXis QTOF: Submission #11,Heide,Germany,54.119344,8.872848,1,Dry weight,Harbour Seal,,,North Sea,,Coastal region,,North Sea,,Other (22510),Liver,,,Germany,1.9205874014727717,-0.8269940183528683
16,19056,19056,LIFE APEX,Real Sample,"LIFE APEX 193 Buzzard liver pooled from Santa Maria da Feira, Gondomar, Braga","Sun, 02/02/2020 - 22:00","Sun, 12/29/2019 - 22:00",LC-Bruker maXis QTOF: Submission #11,Porto,Portugal,41.077999,-8.436219,1,Wet weight,Buzzard,,,,1.0,Terrestrial environment,,,,Bird (22511),Liver,76.42775344,,Portugal,-7.342415715744927,-1.3749809517461664
17,19172,19172,LIFE APEX,Real Sample,"LIFE APEX 137 White-tailed Sea Eagle muscle pooled from Sodermanland, Uppland","Sun, 01/01/2017 - 22:00","Sun, 11/27/2016 - 22:00",LC-Bruker maXis QTOF: Submission #11,Uppsala,Sweden,59.837659,17.547826,1,Wet weight,White-tailed Sea Eagle,,,,2.0,Terrestrial environment,,,,Bird (22511),Muscle,67.0,,Sweden,4.162091521682162,1.3682080130542655
18,21549,21549,LIFE APEX,Real Sample,LIFE APEX 22 Otter liver from North East UK,"Fri, 01/01/2016 - 22:00","Fri, 11/27/2015 - 22:00",LC-Bruker maXis QTOF: Submission #11,Newcastle upon Tyne,UK,55.016114,-1.396547,1,Dry weight,Otter,,,North East UK,,Coastal region,,North East UK,,Other (22510),Liver,,,UK,0.47682556425741157,1.5514868929401568
19,19873,19873,LIFE APEX,Real Sample,LIFE APEX 132 Otter liver from England and Wales (2008),"Tue, 01/01/2008 - 22:00","Tue, 11/27/2007 - 22:00",LC-Bruker maXis QTOF: Submission #11,London,UK,51.57467,-1.067028,0,Wet weight,"Eurasian Otter, Lutra lutra",,,UK,,River,,,,Other (22510),Liver,67.2673737,,Canada,0.6680385063208993,1.4469655041492742
20,19148,19148,LIFE APEX,Real Sample,LIFE APEX 167 Harbour Porpoise liver pooled from Odessa,"Sun, 02/02/2020 - 22:00","Sun, 12/29/2019 - 22:00",LC-Bruker maXis QTOF: Submission #11,Odesa,Norway,46.469803,30.767571,1,Wet weight,Harbour Porpoise,,,,1.0,Marine environment,,,,Fish (22486),Liver,72.94176098,,Ukraine,0.878402914151524,-3.8716985786041906
21,19150,19150,LIFE APEX,Real Sample,LIFE APEX 166 Bottlenose dolphin liver pooled from Western Isles,"Sun, 02/02/2020 - 22:00","Sun, 12/29/2019 - 22:00",LC-Bruker maXis QTOF: Submission #11,Leverburgh,UK,57.763929,-7.020016,1,Wet weight,Bottlenose dolphin,,,,8.0,Marine environment,,,,Fish (22486),Liver,70.00701805,,UK,1.6198802461812758,-3.449530092690187
22,19058,19058,LIFE APEX,Real Sample,LIFE APEX 192 Buzzard liver pooled from Sint-Truiden,"Tue, 02/02/2021 - 22:00","Tue, 12/29/2020 - 22:00",LC-Bruker maXis QTOF: Submission #11,Sint-Truiden,Belgium,50.871641,5.215332,1,Wet weight,Buzzard,,,,2.0,Terrestrial environment,,,,Bird (22511),Liver,74.89249187,,Belgium,-6.319362039137915,-1.1129560579482423
23,19070,19070,LIFE APEX,Real Sample,LIFE APEX 186 Buzzard liver pooled from Madrid,"Sun, 02/02/2020 - 22:00","Sun, 12/29/2019 - 22:00",LC-Bruker maXis QTOF: Submission #11,Madrid,Spain,40.707833,-3.853027,1,Wet weight,Buzzard,,,,3.0,Terrestrial environment,,,,Bird (22511),Liver,72.30854819,,Spain,-7.273388761297456,-1.2760243956353332
24,19927,19927,LIFE APEX,Real Sample,LIFE APEX 106 Buzzard liver from England (2012),"Sun, 01/01/2012 - 22:00","Sun, 11/27/2011 - 22:00",LC-Bruker maXis QTOF: Submission #11,London,UK,51.329021,0.379717,0,Wet weight,"Buzzard, Buteo buteo",,,UK,,Terrestrial environment,,,,Other (22510),Liver,71.83446945,,Canada,-0.6536820397983977,1.1783903287416826
25,19875,19875,LIFE APEX,Real Sample,LIFE APEX 131 Otter liver from England and Wales (2018),"Mon, 01/01/2018 - 22:00","Mon, 11/27/2017 - 22:00",LC-Bruker maXis QTOF: Submission #11,London,UK,51.57467,-1.067028,0,Wet weight,"Eurasian Otter, Lutra lutra",,,UK,,River,,,,Other (22510),Liver,67.46431726,,Canada,0.4174669598431852,1.7820026344838513
26,21513,21513,LIFE APEX,Real Sample,LIFE APEX 41 Buzzard liver from Berlin,"Mon, 01/01/2018 - 22:00","Mon, 11/27/2017 - 22:00",LC-Bruker maXis QTOF: Submission #11,Berlin,Germany,52.553125,13.223138,1,Dry weight,Buzzard,,,Berlin area,,Terrestrial environment,,Berlin area,,Other (22510),Liver,,,Germany,-0.014578008842489661,1.9649728546616783
27,19899,19899,LIFE APEX,Real Sample,"LIFE APEX 119 Otter liver from England and Wales (2005, 2006)","Sat, 01/01/2005 - 22:00","Sat, 11/27/2004 - 22:00",LC-Bruker maXis QTOF: Submission #11,London,UK,51.57467,-1.067028,0,Wet weight,"Eurasian Otter, Lutra lutra",,,UK,,River,,,,Other (22510),Liver,62.0,,Canada,0.15683567106929994,1.9004900860574931
28,19052,19052,LIFE APEX,Real Sample,"LIFE APEX 195 Buzzard liver pooled from Coimbra, Viseu","Sun, 02/02/2020 - 22:00","Sun, 12/29/2019 - 22:00",LC-Bruker maXis QTOF: Submission #11,Coimbra,Portugal,40.224815,-8.319192,1,Wet weight,Buzzard,,,,2.0,Terrestrial environment,,,,Bird (22511),Liver,72.0,,Portugal,-6.141363405451296,-1.3850761392392894
29,19072,19072,LIFE APEX,Real Sample,LIFE APEX 185 Buzzard liver pooled from Madrid,"Mon, 01/01/2018 - 22:00","Mon, 11/27/2017 - 22:00",LC-Bruker maXis QTOF: Submission #11,Madrid,Spain,40.635317,-3.904246,1,Wet weight,Buzzard,,,,3.0,Terrestrial environment,,,,Bird (22511),Liver,66.42649034,,Spain,-7.703655202625774,-1.4019568838424206
30,21571,21571,LIFE APEX,Real Sample,LIFE APEX 11 Buzzard liver from the Wash,"Sun, 01/01/2017 - 22:00","Sun, 11/27/2016 - 22:00",LC-Bruker maXis QTOF: Submission #11,Peterborough,UK,52.91546,0.248173,1,Dry weight,Buzzard,,,Wash,,Terrestrial environment,,Wash,,Other (22510),Liver,,,Canada,0.9624282117643442,1.6561979079007025
31,19110,19110,LIFE APEX,Real Sample,LIFE APEX 147 Eurasian Otter liver pooled from East Anglia,"Thu, 01/01/2015 - 22:00","Thu, 11/27/2014 - 22:00",LC-Bruker maXis QTOF: Submission #11,Norwich,UK,52.623224,1.329637,1,Wet weight,Eurasian Otter,,,,4.0,Terrestrial environment,,,,Other (22510),Liver,67.71874195,,UK,-0.8691255609217792,1.1995666302263615
32,21465,21465,LIFE APEX,Real Sample,LIFE APEX 63 Otter liver from Germany 01,"Mon, 01/01/2018 - 22:00","Mon, 11/27/2017 - 22:00",LC-Bruker maXis QTOF: Submission #11,Cuxhaven,Germany,53.985303,7.913999,1,Dry weight,Otter,,,North Sea,,Coastal region,,North Sea,,Other (22510),Liver,,,Germany,0.1765303375008511,1.0040860682284558
33,21515,21515,LIFE APEX,Real Sample,LIFE APEX 40 Bream muscle from Noord-Holland,"Tue, 01/01/2019 - 22:00","Tue, 11/27/2018 - 22:00",LC-Bruker maXis QTOF: Submission #11,Amsterdam,Netherlands,52.374011,4.913521,1,Dry weight,Bream,,,Noord-Holland,,River,,Noord-Holland,,Fish (22486),Muscel,,,Netherlands,1.0855706517987336,1.8315691350886154
34,19076,19076,LIFE APEX,Real Sample,"LIFE APEX 183 Buzzard liver pooled from Central, South and West Slovenia","Thu, 01/01/2015 - 22:00","Thu, 11/27/2014 - 22:00",LC-Bruker maXis QTOF: Submission #11,Ljubljana,Slovenia,45.979648,14.492887,1,Wet weight,Buzzard,,,,1.0,Terrestrial environment,,,,Bird (22511),Liver,74.45485339,,Slovenia,-7.137722782662914,-1.2776899524406837
35,21479,21479,LIFE APEX,Real Sample,LIFE APEX 58 Grey Seal liver from Baltic Proper,"Sun, 01/01/2017 - 22:00","Sun, 11/27/2016 - 22:00",LC-Bruker maXis QTOF: Submission #11,Kalmar,Sweden,55.961274,16.058707,1,Dry weight,Grey Seal,,,Baltic Sea,,Coastal region,,Baltic Sea,,Other (22510),Liver,,,Sweden,0.5073470776317445,1.2783630264684975
36,21505,21505,LIFE APEX,Real Sample,LIFE APEX 45 Buzzard liver from North Rhine-Westphalia,"Mon, 01/01/2018 - 22:00","Mon, 11/27/2017 - 22:00",LC-Bruker maXis QTOF: Submission #11,Dortmund,Germany,51.55107,6.685865,1,Dry weight,Buzzard,,,North Rhine-Westphalia,,Terrestrial environment,,North Rhine-Westphalia,,Other (22510),Liver,,,Germany,0.4469396581170694,1.4752339008108897
37,21527,21527,LIFE APEX,Real Sample,LIFE APEX 33 Otter liver from Overijssel,"Mon, 01/01/2018 - 22:00","Mon, 11/27/2017 - 22:00",LC-Bruker maXis QTOF: Submission #11,Almelo,Netherlands,52.583347,6.099912,1,Dry weight,Otter,,,Overijssel,,River,,Overijssel,,Other (22510),Liver,,,Netherlands,1.0216694488931926,0.8384262412569803
38,19905,19905,LIFE APEX,Real Sample,LIFE APEX 117 Buzzard liver from England (2018),"Mon, 01/01/2018 - 22:00","Mon, 11/27/2017 - 22:00",LC-Bruker maXis QTOF: Submission #11,London,UK,51.329021,0.379717,0,Wet weight,"Buzzard, Buteo buteo",,,UK,,Terrestrial environment,,,,Other (22510),Liver,74.28256256,,Canada,0.6767743781258023,1.4706372474744072
39,19891,19891,LIFE APEX,Real Sample,LIFE APEX 123 Otter liver from England and Wales (2010),"Fri, 01/01/2010 - 22:00","Fri, 11/27/2009 - 22:00",LC-Bruker maXis QTOF: Submission #11,London,UK,51.57467,-1.067028,0,Wet weight,"Eurasian Otter, Lutra lutra",,,UK,,River,,,,Other (22510),Liver,66.0,,Canada,-0.5307945454254477,1.883630351663903
40,21469,21469,LIFE APEX,Real Sample,LIFE APEX 61 Harbour Seal liver from Busum 02,"Thu, 01/01/2015 - 22:00","Thu, 11/27/2014 - 22:00",LC-Bruker maXis QTOF: Submission #11,Heide,Germany,54.145131,8.822839,1,Dry weight,Harbour Seal,,,North Sea,,Coastal region,,North Sea,,Other (22510),Liver,,,Germany,2.4486460716510465,0.7372358975319004
41,20001,20001,LIFE APEX,Real Sample,LIFE APEX 71 Bream muscle from Rhine Bimmen (2002),"Tue, 01/01/2002 - 22:00","Tue, 11/27/2001 - 22:00",LC-Bruker maXis QTOF: Submission #11,Bimmen,Germany,51.86051,6.071775,1,Wet weight,"Bream, Abramis brama",,,Rhine River,,River,,Rhine River Basin,,Fish (22486),Muscle,82.0,,Germany,1.3224795683089925,-3.2335036286148067
42,21535,21535,LIFE APEX,Real Sample,LIFE APEX 29 Harbour Porpoise liver from UK 04,"Sun, 01/01/2017 - 22:00","Sun, 11/27/2016 - 22:00",LC-Bruker maXis QTOF: Submission #11,Aberdeen,UK,57.196258,-1.669999,1,Dry weight,Harbour Porpoise,,,Marine water of UK,,Marine environment,,Marine water of UK,,Fish (22486),Liver,,,UK,1.91322170178815,-3.1907752915815726
43,19152,19152,LIFE APEX,Real Sample,LIFE APEX 165 Harbour Porpoise liver pooled from east and north and west Scotland,"Mon, 01/01/2018 - 22:00","Mon, 11/27/2017 - 22:00",LC-Bruker maXis QTOF: Submission #11,Glasgow,UK,55.927337,-4.486307,1,Wet weight,Harbour Porpoise,,,,7.0,Marine environment,,,,Fish (22486),Liver,69.26636388,,UK,1.0089060604754296,-4.140752001561329
44,21487,21487,LIFE APEX,Real Sample,LIFE APEX 54 Harbour Seal liver from Kattegat,"Fri, 01/01/2016 - 22:00","Fri, 11/27/2015 - 22:00",LC-Bruker maXis QTOF: Submission #11,Goteborg,Sweden,56.951607,11.301717,1,Dry weight,Otter Seal,,,Kattegat,,Coastal region,,Kattegat,,Other (22510),Liver,,,Sweden,0.8785987712204173,1.3962835741012223
45,19883,19883,LIFE APEX,Real Sample,LIFE APEX 127 Otter liver from England and Wales (2014),"Wed, 01/01/2014 - 22:00","Wed, 11/27/2013 - 22:00",LC-Bruker maXis QTOF: Submission #11,London,UK,51.57467,-1.067028,0,Wet weight,"Eurasian Otter, Lutra lutra",,,UK,,River,,,,Other (22510),Liver,67.0,,Canada,-0.22197290906219316,1.7022904715745277
46,19166,19166,LIFE APEX,Real Sample,LIFE APEX 155 Harbour Porpoise liver pooled from Varangerfjorden,"Sun, 01/01/2017 - 22:00","Sun, 11/27/2016 - 22:00",LC-Bruker maXis QTOF: Submission #11,Varangerfjorden,Norway,70.08034,28.898893,1,Wet weight,Harbour Porpoise,,,,1.0,Marine environment,,,,Fish (22486),Liver,70.53119999,,Norway,0.82634561035917,0.512357819910752
47,21561,21561,LIFE APEX,Real Sample,LIFE APEX 16 Roach muscle from River Thames (Shepperton-Sunbury),"Fri, 01/01/2016 - 22:00","Fri, 11/27/2015 - 22:00",LC-Bruker maXis QTOF: Submission #11,London,UK,51.386399,-0.451476,1,Dry weight,Roach,,,Thames River Basin,,River,,Thames River Basin,,Fish (22486),Muscel,,,Canada,1.4992269836640926,-3.7314983372520616
48,19925,19925,LIFE APEX,Real Sample,LIFE APEX 107 Buzzard liver from England (2013),"Tue, 01/01/2013 - 22:00","Tue, 11/27/2012 - 22:00",LC-Bruker maXis QTOF: Submission #11,London,UK,51.329021,0.379717,0,Wet weight,"Buzzard, Buteo buteo",,,UK,,Terrestrial environment,,,,Other (22510),Liver,71.55548958,,Canada,-0.8172799410232032,2.2865782231725915
49,21507,21507,LIFE APEX,Real Sample,LIFE APEX 44 Buzzard liver from Baden-Wurttemberg,"Mon, 01/01/2018 - 22:00","Mon, 11/27/2017 - 22:00",LC-Bruker maXis QTOF: Submission #11,Stuttgart,Germany,54.20943,12.816105,1,Dry weight,Buzzard,,,Baden-Wurttemberg,,Terrestrial environment,,Baden-Wurttemberg,,Other (22510),Liver,,,Germany,0.5693742317977553,2.1152166906759184
50,19935,19935,LIFE APEX,Real Sample,LIFE APEX 102 Buzzard liver from England (2008),"Tue, 01/01/2008 - 22:00","Tue, 11/27/2007 - 22:00",LC-Bruker maXis QTOF: Submission #11,London,UK,51.329021,0.379717,0,Wet weight,"Buzzard, Buteo buteo",,,UK,,Terrestrial environment,,,,Other (22510),Liver,70.31883539,,Canada,0.5647089221221082,1.7351670898175635
51,21587,21587,LIFE APEX,Real Sample,LIFE APEX 04 Bream muscle from Belauer See,"Thu, 01/01/2015 - 22:00","Thu, 11/27/2014 - 22:00",LC-Bruker maXis QTOF: Submission #11,Neumunster,Germany,54.07,9.98,1,Dry weight,Bream,,,Belauer See,,Lake,,Belauer See,,Fish (22486),Muscel,,,Germany,1.764061435255749,-3.498582319089737
52,19967,19967,LIFE APEX,Real Sample,LIFE APEX 87 Harbour Seal liver from North Sea (2007),"Mon, 01/01/2007 - 22:00","Mon, 11/27/2006 - 22:00",LC-Bruker maXis QTOF: Submission #11,Cuxhaven,Germany,54.082933,8.48307,1,Wet weight,"Harbour Seal, Phoca vitulina",,,North Sea,,Coastal region,,North Sea Basin,,Other (22510),Liver,70.0,,Germany,-0.5528017150779381,0.9527244374448296
53,19901,19901,LIFE APEX,Real Sample,"LIFE APEX 118 Otter liver from England and Wales (2003, 2004)","Thu, 01/01/2004 - 22:00","Thu, 11/27/2003 - 22:00",LC-Bruker maXis QTOF: Submission #11,London,UK,51.57467,-1.067028,0,Wet weight,"Eurasian Otter, Lutra lutra",,,UK,,River,,,,Other (22510),Liver,65.0,,Canada,0.6245444206120687,2.3109714571493423
54,19911,19911,LIFE APEX,Real Sample,LIFE APEX 114 Buzzard liver from England (2013),"Tue, 01/01/2013 - 22:00","Tue, 11/27/2012 - 22:00",LC-Bruker maXis QTOF: Submission #11,London,UK,51.329021,0.379717,0,Wet weight,"Buzzard, Buteo buteo",,,UK,,Terrestrial environment,,,,Other (22510),Liver,73.64956985,,Canada,0.03029042128463787,1.5806406412401892
55,21481,21481,LIFE APEX,Real Sample,LIFE APEX 57 Harbour Seal liver from Baltic Proper,"Fri, 01/01/2016 - 22:00","Fri, 11/27/2015 - 22:00",LC-Bruker maXis QTOF: Submission #11,Kalmar,Sweden,56.538313,17.286339,1,Dry weight,Otter Seal,,,Baltic Sea,,Coastal region,,Baltic Sea,,Other (22510),Liver,,,Sweden,1.3841027184779704,1.2523482951751541
56,19046,19046,LIFE APEX,Real Sample,LIFE APEX 198 Buzzard liver pooled from Warmian-Masurian Voivodeship,"Sun, 02/02/2020 - 22:00","Sun, 12/29/2019 - 22:00",LC-Bruker maXis QTOF: Submission #11,Olsztyn,Poland,53.803289,20.464641,1,Wet weight,Buzzard,,,,2.0,Terrestrial environment,,,,Bird (22511),Liver,69.5,,Poland,-7.9858793304620574,-1.4336694259830778
57,19993,19993,LIFE APEX,Real Sample,LIFE APEX 75 Bream muscle from Rhine Bimmen (2010),"Fri, 01/01/2010 - 22:00","Fri, 11/27/2009 - 22:00",LC-Bruker maXis QTOF: Submission #11,Bimmen,Germany,51.86051,6.071775,1,Wet weight,"Bream, Abramis brama",,,Rhine River,,River,,Rhine River Basin,,Fish (22486),Muscle,78.0,,Germany,1.8604112491486178,-4.115383237886688
58,19963,19963,LIFE APEX,Real Sample,LIFE APEX 89 Harbour Seal liver from North Sea (2009),"Thu, 01/01/2009 - 22:00","Thu, 11/27/2008 - 22:00",LC-Bruker maXis QTOF: Submission #11,Cuxhaven,Germany,54.082933,8.48307,1,Wet weight,"Harbour Seal, Phoca vitulina",,,North Sea,,Coastal region,,North Sea Basin,,Other (22510),Liver,74.0,,Germany,-0.2615501675260904,1.3924060275189525
59,19923,19923,LIFE APEX,Real Sample,LIFE APEX 108 Buzzard liver from England (2014),"Wed, 01/01/2014 - 22:00","Wed, 11/27/2013 - 22:00",LC-Bruker maXis QTOF: Submission #11,London,UK,51.329021,0.379717,0,Wet weight,"Buzzard, Buteo buteo",,,UK,,Terrestrial environment,,,,Other (22510),Liver,71.57467406,,Canada,-0.158589100243765,2.006454324675412
60,21593,21593,LIFE APEX,Real Sample,LIFE APEX 01 Bream muscle from Danube Jochenstein,"Thu, 01/01/2015 - 22:00","Thu, 11/27/2014 - 22:00",LC-Bruker maXis QTOF: Submission #11,Dessau,Germany,51.83,12.22,1,Dry weight,Bream,,,Danube river basin,,Coastal region,,Danube river basin,,Fish (22486),Muscel,,,Germany,1.3991871160003222,-3.548461880310595
61,21501,21501,LIFE APEX,Real Sample,LIFE APEX 47 Herring muscle from Utlangan,"Mon, 01/01/2018 - 22:00","Mon, 11/27/2017 - 22:00",LC-Bruker maXis QTOF: Submission #11,Karlskrona,Sweden,56.016137,15.773463,1,Dry weight,Herring,,,Utlangan,,Coastal region,,Utlangan,,Other (22510),Muscel,,,Sweden,1.1872798005659118,0.71167842920803
62,21499,21499,LIFE APEX,Real Sample,LIFE APEX 48 Herring muscle from Vaderoarna,"Mon, 01/01/2018 - 22:00","Mon, 11/27/2017 - 22:00",LC-Bruker maXis QTOF: Submission #11,Goteborg,Sweden,58.582636,11.075436,1,Dry weight,Herring,,,Vaderoarna,,Coastal region,,Vaderoarna,,Other (22510),Muscel,,,Sweden,0.7912329403855068,0.22900164970179826
63,19108,19108,LIFE APEX,Real Sample,LIFE APEX 148 Eurasian Otter liver pooled from Southern Denmark,"Mon, 01/01/2018 - 22:00","Mon, 11/27/2017 - 22:00",LC-Bruker maXis QTOF: Submission #11,Vejle,Denmark,55.693697,9.590751,1,Wet weight,Eurasian Otter,,,,1.0,Terrestrial environment,,,,Other (22510),Liver,71.32909839,,Denmark,0.10693525367917309,1.2149838474740637
64,20003,20003,LIFE APEX,Real Sample,LIFE APEX 70 Bream muscle from Rhine Bimmen (2000),"Sat, 01/01/2000 - 22:00","Sat, 11/27/1999 - 22:00",LC-Bruker maXis QTOF: Submission #11,Bimmen,Germany,51.86051,6.071775,1,Wet weight,"Bream, Abramis brama",,,Rhine River,,River,,Rhine River Basin,,Fish (22486),Muscle,80.0,,Germany,2.543095805965983,-3.689972237007357
65,19158,19158,LIFE APEX,Real Sample,LIFE APEX 162 Short-beaked common dolphin liver pooled from Scoltand and western isles,"Thu, 01/01/2015 - 22:00","Thu, 11/27/2014 - 22:00",LC-Bruker maXis QTOF: Submission #11,Glasgow,UK,55.927465,-4.571935,1,Wet weight,Short-beaked common dolphin,,,,5.0,Marine environment,,,,Fish (22486),Liver,66.01463357,,UK,1.7717856339073568,-3.719490853785446
66,19887,19887,LIFE APEX,Real Sample,LIFE APEX 125 Otter liver from England and Wales (2012),"Sun, 01/01/2012 - 22:00","Sun, 11/27/2011 - 22:00",LC-Bruker maXis QTOF: Submission #11,London,UK,51.57467,-1.067028,0,Wet weight,"Eurasian Otter, Lutra lutra",,,UK,,River,,,,Other (22510),Liver,67.0,,Canada,-0.8112008469125185,1.4157359496408837
67,19929,19929,LIFE APEX,Real Sample,LIFE APEX 105 Buzzard liver from England (2011),"Sat, 01/01/2011 - 22:00","Sat, 11/27/2010 - 22:00",LC-Bruker maXis QTOF: Submission #11,London,UK,51.329021,0.379717,0,Wet weight,"Buzzard, Buteo buteo",,,UK,,Terrestrial environment,,,,Other (22510),Liver,71.10651161,,Canada,-0.7677711874580256,1.3777157724924785
68,19092,19092,LIFE APEX,Real Sample,LIFE APEX 158 Eurasian Otter liver pooled from South Hungary,"Thu, 01/01/2015 - 22:00","Thu, 11/27/2014 - 22:00",LC-Bruker maXis QTOF: Submission #11,Szeged,Hungary,46.340018,20.093273,1,Wet weight,Eurasian Otter,,,,2.0,Terrestrial environment,,,,Other (22510),Liver,70.26754886,,Hungary,-0.5711152890329037,1.1797965924105422
69,21567,21567,LIFE APEX,Real Sample,LIFE APEX 13 Buzzard liver from East Anglia,"Sun, 01/01/2017 - 22:00","Sun, 11/27/2016 - 22:00",LC-Bruker maXis QTOF: Submission #11,Norwich,UK,52.631445,1.302006,1,Dry weight,Buzzard,,,East Anglia,,Terrestrial environment,,East Anglia,,Other (22510),Liver,,,UK,-0.20116715427783544,2.015027709063381
70,19104,19104,LIFE APEX,Real Sample,LIFE APEX 150 Eurasian Otter liver pooled from Jutland,"Thu, 01/01/2015 - 22:00","Thu, 11/27/2014 - 22:00",LC-Bruker maXis QTOF: Submission #11,Copenhagen,Denmark,55.606169,12.431239,1,Wet weight,Eurasian Otter,,,,2.0,Terrestrial environment,,,,Other (22510),Liver,71.52235932,,Denmark,0.7115121347692434,1.3438972598594954
71,19979,19979,LIFE APEX,Real Sample,LIFE APEX 81 Harbour Seal liver from North Sea (2001),"Mon, 01/01/2001 - 22:00","Mon, 11/27/2000 - 22:00",LC-Bruker maXis QTOF: Submission #11,Cuxhaven,Germany,54.082933,8.48307,1,Wet weight,"Harbour Seal, Phoca vitulina",,,North Sea,,Coastal region,,North Sea Basin,,Other (22510),Liver,71.0,,Germany,0.776466064905444,1.203547651469255
72,19102,19102,LIFE APEX,Real Sample,LIFE APEX 151 Eurasian Otter liver pooled from Jutland,"Thu, 01/01/2015 - 22:00","Thu, 11/27/2014 - 22:00",LC-Bruker maXis QTOF: Submission #11,Copenhagen,Denmark,55.730737,12.58783,1,Wet weight,Eurasian Otter,,,,2.0,Terrestrial environment,,,,Other (22510),Liver,68.94836476,,Denmark,-0.6071475002689263,1.4291860977365158
73,19931,19931,LIFE APEX,Real Sample,LIFE APEX 104 Buzzard liver from England (2010),"Fri, 01/01/2010 - 22:00","Fri, 11/27/2009 - 22:00",LC-Bruker maXis QTOF: Submission #11,London,UK,51.329021,0.379717,0,Wet weight,"Buzzard, Buteo buteo",,,UK,,Terrestrial environment,,,,Other (22510),Liver,70.0953795,,Canada,0.09074041739862153,1.8047537819283717
74,19953,19953,LIFE APEX,Real Sample,LIFE APEX 94 Harbour Seal liver from North Sea (2014),"Wed, 01/01/2014 - 22:00","Wed, 11/27/2013 - 22:00",LC-Bruker maXis QTOF: Submission #11,Cuxhaven,Germany,54.082933,8.48307,1,Wet weight,"Harbour Seal, Phoca vitulina",,,North Sea,,Coastal region,,North Sea Basin,,Other (22510),Liver,65.0,,Germany,0.45165724071116026,1.7418927641784923
75,19098,19098,LIFE APEX,Real Sample,LIFE APEX 153 Eurasian Otter liver pooled from Southern Bohemia,"Fri, 01/01/2016 - 22:00","Fri, 11/27/2015 - 22:00",LC-Bruker maXis QTOF: Submission #11,Brno,Czech Republic,49.237417,16.514217,1,Wet weight,Eurasian Otter,,,,2.0,Terrestrial environment,,,,Other (22510),Liver,68.02188089,,Czech Republic,-0.6500051961814037,1.4748305261989811
76,19128,19128,LIFE APEX,Real Sample,"LIFE APEX 179 Harbour Seal liver pooled from Belgium, France","Sun, 01/01/2017 - 22:00","Sun, 11/27/2016 - 22:00",LC-Bruker maXis QTOF: Submission #11,Antwerp,Belgium,51.481579,3.498073,1,Wet weight,Harbour Seal,,,,1.0,Marine environment,,,,Other (22510),Liver,70.34679809,,Belgium,1.8460730325895274,-0.48951209000260404
77,19134,19134,LIFE APEX,Real Sample,LIFE APEX 174 Bottlenose dolphin liver pooled from Galicia,"Thu, 01/01/2015 - 22:00","Thu, 11/27/2014 - 22:00",LC-Bruker maXis QTOF: Submission #11,Santiago de Compostela,Spain,42.677202,-9.036299,1,Wet weight,Bottlenose dolphin,,,,2.0,Marine environment,,,,Fish (22486),Liver,70.13206725,,Spain,1.0627646108884783,-0.9891454597587769
78,19130,19130,LIFE APEX,Real Sample,"LIFE APEX 178 Harbour Porpoise liver pooled from Belgium, France","Thu, 01/01/2015 - 22:00","Thu, 11/27/2014 - 22:00",LC-Bruker maXis QTOF: Submission #11,Antwerp,Belgium,51.414713,3.479625,1,Wet weight,Harbour Porpoise,,,,1.0,Marine environment,,,,Fish (22486),Liver,72.94562321,,Belgium,1.723637304363244,-2.674978156632485
79,21581,21581,LIFE APEX,Real Sample,LIFE APEX 07 Herring gull eggs from North Sea Trischen,"Thu, 01/01/2015 - 22:00","Thu, 11/27/2014 - 22:00",LC-Bruker maXis QTOF: Submission #11,Cuxhaven,Germany,53.87,8.69,1,Dry weight,Herring gull,,,North sea,,River,,North sea,,Other (22510),Other,,,Germany,0.5402481012460141,1.0277054579069997
80,21457,21457,LIFE APEX,Real Sample,LIFE APEX 67 Otter liver from Hohn,"Fri, 01/01/2016 - 22:00","Fri, 11/27/2015 - 22:00",LC-Bruker maXis QTOF: Submission #11,Rendsburg,Germany,54.30341,9.478417,1,Dry weight,Otter,,,Hohner Lake,,River,,Hohner Lake,,Other (22510),Liver,,,Germany,0.9987668522542786,1.5317093344044759
81,19995,19995,LIFE APEX,Real Sample,LIFE APEX 74 Bream muscle from Rhine Bimmen (2008),"Tue, 01/01/2008 - 22:00","Tue, 11/27/2007 - 22:00",LC-Bruker maXis QTOF: Submission #11,Bimmen,Germany,51.86051,6.071775,1,Wet weight,"Bream, Abramis brama",,,Rhine River,,River,,Rhine River Basin,,Fish (22486),Muscle,78.0,,Germany,2.312000524568011,-4.612568677475757
82,21495,21495,LIFE APEX,Real Sample,LIFE APEX 50 Otter liver from Uppland,"Mon, 01/01/2018 - 22:00","Mon, 11/27/2017 - 22:00",LC-Bruker maXis QTOF: Submission #11,Stockholm,Sweden,59.319383,18.109282,1,Dry weight,Otter,,,Uppland,,River,,Uppland,,Other (22510),Liver,,,Sweden,0.4375676595409744,1.852985464738424
83,21551,21551,LIFE APEX,Real Sample,LIFE APEX 21 Otter liver from Solent and South Downs,"Fri, 01/01/2016 - 22:00","Fri, 11/27/2015 - 22:00",LC-Bruker maXis QTOF: Submission #11,Portsmouth,UK,50.829329,-1.120705,1,Dry weight,Otter,,,Solent and South Downs,,Coastal region,,Solent and South Downs,,Other (22510),Liver,,,UK,0.5673134128448444,1.8122875910593716
84,21463,21463,LIFE APEX,Real Sample,LIFE APEX 64 Otter liver from Plon,"Sun, 01/01/2017 - 22:00","Sun, 11/27/2016 - 22:00",LC-Bruker maXis QTOF: Submission #11,Ascheberg,Germany,54.153311,10.42232,1,Dry weight,Otter,,,Ploner Lake,,River,,Ploner Lake,,Other (22510),Liver,,,Germany,0.3835462955314582,1.9765683778558305
85,19917,19917,LIFE APEX,Real Sample,LIFE APEX 111 Buzzard liver from England (2017),"Sun, 01/01/2017 - 22:00","Sun, 11/27/2016 - 22:00",LC-Bruker maXis QTOF: Submission #11,London,UK,51.329021,0.379717,0,Wet weight,"Buzzard, Buteo buteo",,,UK,,Terrestrial environment,,,,Other (22510),Liver,72.49956908,,Canada,-0.10300938003151747,1.5522332425619323
86,19939,19939,LIFE APEX,Real Sample,LIFE APEX 100 Buzzard liver from England (2003),"Wed, 01/01/2003 - 22:00","Wed, 11/27/2002 - 22:00",LC-Bruker maXis QTOF: Submission #11,London,UK,51.329021,0.379717,0,Wet weight,"Buzzard, Buteo buteo",,,UK,,Terrestrial environment,,,,Other (22510),Liver,69.87417919,,Canada,0.15137233740368872,1.6000590626401827
87,21541,21541,LIFE APEX,Real Sample,LIFE APEX 26 Harbour Porpoise liver from UK 01,"Sun, 01/01/2017 - 22:00","Sun, 11/27/2016 - 22:00",LC-Bruker maXis QTOF: Submission #11,Kingston upon Hull,UK,54.474762,0.765404,1,Dry weight,Harbour Porpoise,,,Marine water of UK,,Marine environment,,Marine water of UK,,Fish (22486),Liver,,,UK,1.8250358529233843,-3.722486209624255
88,19957,19957,LIFE APEX,Real Sample,LIFE APEX 92 Harbour Seal liver from North Sea (2012),"Sun, 01/01/2012 - 22:00","Sun, 11/27/2011 - 22:00",LC-Bruker maXis QTOF: Submission #11,Cuxhaven,Germany,54.082933,8.48307,1,Wet weight,"Harbour Seal, Phoca vitulina",,,North Sea,,Coastal region,,North Sea Basin,,Other (22510),Liver,73.0,,Germany,0.5313948798576394,1.5480685708575166
89,19945,19945,LIFE APEX,Real Sample,LIFE APEX 98 Harbour Seal liver from North Sea (2018),"Mon, 01/01/2018 - 22:00","Mon, 11/27/2017 - 22:00",LC-Bruker maXis QTOF: Submission #11,Cuxhaven,Germany,54.082933,8.48307,1,Wet weight,"Harbour Seal, Phoca vitulina",,,North Sea,,Coastal region,,North Sea Basin,,Other (22510),Liver,68.0,,Germany,0.6527022581269485,1.2085900884423078
90,21577,21577,LIFE APEX,Real Sample,LIFE APEX 09 Eelpout muscle from Baltic Sea Darsser Ort,"Thu, 01/01/2015 - 22:00","Thu, 11/27/2014 - 22:00",LC-Bruker maXis QTOF: Submission #11,Ribnitz-Damgarten,Germany,54.24,12.43,1,Dry weight,Eelpout,,,Baltic Sea,,Coastal region,,Baltic Sea,,Fish (22486),Muscel,,,Germany,1.7708483642318193,-3.5445371786987003
91,19168,19168,LIFE APEX,Real Sample,"LIFE APEX 140 Bottlenose dolphin liver pooled from Pellestrina, Sestri Levante, Genova","Mon, 01/01/2018 - 22:00","Mon, 11/27/2017 - 22:00",LC-Bruker maXis QTOF: Submission #11,Genova,Italy,44.388246,8.990696,1,Wet weight,Bottlenose dolphin,,,,2.0,Marine environment,,,,Fish (22486),Liver,72.82337025,,Italy,1.3783774655288408,-1.5777930673078588
92,19074,19074,LIFE APEX,Real Sample,LIFE APEX 184 Buzzard liver pooled from Central and South Slovenia,"Sun, 01/01/2017 - 22:00","Sun, 11/27/2016 - 22:00",LC-Bruker maXis QTOF: Submission #11,Ljubljana,Slovenia,45.992352,14.383558,1,Wet weight,Buzzard,,,,2.0,Terrestrial environment,,,,Bird (22511),Liver,72.46723918,,Slovenia,-6.718738132244085,-1.1836859137271134
93,19054,19054,LIFE APEX,Real Sample,"LIFE APEX 194 Buzzard liver pooled from Presov, Kosice, Trebisov, Humenne","Mon, 01/01/2018 - 22:00","Mon, 11/27/2017 - 22:00",LC-Bruker maXis QTOF: Submission #11,Presov,Slovakia,48.975857,21.195856,1,Wet weight,Buzzard,,,,1.0,Terrestrial environment,,,,Bird (22511),Liver,72.07331331,,Slovakia,-6.770224527803896,-1.2750595432781342
94,19068,19068,LIFE APEX,Real Sample,LIFE APEX 187 Buzzard liver pooled from Northern Sardinia,"Sun, 02/02/2020 - 22:00","Sun, 12/29/2019 - 22:00",LC-Bruker maXis QTOF: Submission #11,Cagliari,Italy,39.421881,9.329993,1,Wet weight,Buzzard,,,,3.0,Terrestrial environment,,,,Bird (22511),Liver,73.57061438,,Italy,-7.382873402842438,-1.4367103594602952
95,21575,21575,LIFE APEX,Real Sample,LIFE APEX 10 Eelpout muscle from North Sea Meldorfer Bucht,"Thu, 01/01/2015 - 22:00","Thu, 11/27/2014 - 22:00",LC-Bruker maXis QTOF: Submission #11,Cuxhaven,Germany,53.87,8.69,1,Dry weight,Eelpout,,,North Sea,,Coastal region,,North Sea,,Fish (22486),Muscel,,,Germany,1.0900435872311673,-3.3703921755397723
96,19140,19140,LIFE APEX,Real Sample,LIFE APEX 171 Short-beaked common dolphin liver pooled from Galicia,"Fri, 01/01/2016 - 22:00","Fri, 11/27/2015 - 22:00",LC-Bruker maXis QTOF: Submission #11,Santiago de Compostela,Spain,42.779569,-8.93292,1,Wet weight,Short-beaked common dolphin,,,,2.0,Marine environment,,,,Fish (22486),Liver,72.85091218,,Spain,1.7147139129240823,-3.617847002954021
97,21539,21539,LIFE APEX,Real Sample,LIFE APEX 27 Harbour Porpoise liver from UK 02,"Sun, 01/01/2017 - 22:00","Sun, 11/27/2016 - 22:00",LC-Bruker maXis QTOF: Submission #11,Kingston upon Hull,UK,53.248961,0.58746,1,Dry weight,Harbour Porpoise,,,Marine water of UK,,Marine environment,,Marine water of UK,,Fish (22486),Liver,,,UK,1.7239358490183594,-3.501390543411153
98,19959,19959,LIFE APEX,Real Sample,LIFE APEX 91 Harbour Seal liver from North Sea (2011),"Sat, 01/01/2011 - 22:00","Sat, 11/27/2010 - 22:00",LC-Bruker maXis QTOF: Submission #11,Cuxhaven,Germany,54.082933,8.48307,1,Wet weight,"Harbour Seal, Phoca vitulina",,,North Sea,,Coastal region,,North Sea Basin,,Other (22510),Liver,74.0,,Germany,-0.3086468410110172,1.6226045788644559
99,19048,19048,LIFE APEX,Real Sample,LIFE APEX 197 Buzzard liver pooled from Cluj-Napoca,"Tue, 01/01/2019 - 22:00","Tue, 11/27/2018 - 22:00",LC-Bruker maXis QTOF: Submission #11,Cluj-Napoca,Romania,46.733445,23.664026,1,Wet weight,Buzzard,,,,1.0,Terrestrial environment,,,,Bird (22511),Liver,72.0,,Romania,-7.24968451071364,-1.408955526771885
100,19144,19144,LIFE APEX,Real Sample,LIFE APEX 169 Bearded Seal liver pooled from Olav V Land,"Tue, 01/01/2019 - 22:00","Tue, 11/27/2018 - 22:00",LC-Bruker maXis QTOF: Submission #11,Longyearbyen,Norway,78.247999,15.694319,1,Wet weight,Bearded Seal,,,,2.0,Marine environment,,,,Fish (22486),Liver,69.4853781,,Norway,1.3081571627563386,-3.284047270744514
101,19985,19985,LIFE APEX,Real Sample,LIFE APEX 79 Bream muscle from Rhine Bimmen (2018),"Mon, 01/01/2018 - 22:00","Mon, 11/27/2017 - 22:00",LC-Bruker maXis QTOF: Submission #11,Bimmen,Germany,51.86051,6.071775,1,Wet weight,"Bream, Abramis brama",,,Rhine River,,River,,Rhine River Basin,,Fish (22486),Muscle,78.0,,Germany,0.9253573006413226,-3.3498612311200415
102,19082,19082,LIFE APEX,Real Sample,"LIFE APEX 180 Buzzard liver pooled from Presov, Kosice, Trebisov, Humenne","Mon, 01/01/2018 - 22:00","Mon, 11/27/2017 - 22:00",LC-Bruker maXis QTOF: Submission #11,Kosice,Slovakia,48.808014,21.190465,1,Wet weight,Buzzard,,,,1.0,Terrestrial environment,,,,Bird (22511),Liver,72.07331331,,Slovakia,-6.136752963458342,-1.1392761336247446
103,19078,19078,LIFE APEX,Real Sample,LIFE APEX 182 Buzzard liver pooled from Crete,"Tue, 01/01/2019 - 22:00","Tue, 11/27/2018 - 22:00",LC-Bruker maXis QTOF: Submission #11,Heraklion,Greece,35.192863,25.22803,1,Wet weight,Buzzard,,,,2.0,Terrestrial environment,,,,Bird (22511),Liver,75.08587954,,Greece,-6.3941440971040935,-1.093532803622622
104,21547,21547,LIFE APEX,Real Sample,LIFE APEX 23 Otter liver from South Wales-Somerset-Hertfordshire,"Fri, 01/01/2016 - 22:00","Fri, 11/27/2015 - 22:00",LC-Bruker maXis QTOF: Submission #11,Bath,UK,51.334841,-2.616951,1,Dry weight,Otter,,,South Wales-Somerset-Hertfordshire,,Coastal region,,South Wales-Somerset-Hertfordshire,,Other (22510),Liver,,,UK,0.8477945084889886,1.3132855256973384
105,19975,19975,LIFE APEX,Real Sample,LIFE APEX 83 Harbour Seal liver from North Sea (2003),"Wed, 01/01/2003 - 22:00","Wed, 11/27/2002 - 22:00",LC-Bruker maXis QTOF: Submission #11,Cuxhaven,Germany,54.082933,8.48307,1,Wet weight,"Harbour Seal, Phoca vitulina",,,North Sea,,Coastal region,,North Sea Basin,,Other (22510),Liver,72.0,,Germany,1.429798858832713,1.634303267634168
106,21493,21493,LIFE APEX,Real Sample,LIFE APEX 51 Otter liver from Skane,"Mon, 01/01/2018 - 22:00","Mon, 11/27/2017 - 22:00",LC-Bruker maXis QTOF: Submission #11,Malmo,Sweden,55.6989,13.034828,1,Dry weight,Otter,,,Skane,,River,,Skane,,Other (22510),Liver,,,Sweden,0.9562993556752987,1.9920106404940683
107,19086,19086,LIFE APEX,Real Sample,LIFE APEX 176 Eurasian Otter liver pooled from Jonkopings lan,"Fri, 01/01/2016 - 22:00","Fri, 11/27/2015 - 22:00",LC-Bruker maXis QTOF: Submission #11,Jonkoping,Sweden,57.78885,14.152215,1,Wet weight,Eurasian Otter,,,,4.0,Terrestrial environment,,,,Other (22510),Liver,69.91941118,,Sweden,0.9363764225754678,0.7906017609126028
108,21553,21553,LIFE APEX,Real Sample,LIFE APEX 20 Roach muscle from River Welland (Stamford Meadows),"Sun, 01/01/2017 - 22:00","Sun, 11/27/2016 - 22:00",LC-Bruker maXis QTOF: Submission #11,Northampton,UK,52.65425,-0.461188,1,Dry weight,Roach,,,Welland River Basin,,River,,Welland River Basin,,Fish (22486),Muscel,,,UK,2.1174346555737578,-3.8881907107240425
109,19871,19871,LIFE APEX,Real Sample,LIFE APEX 133 Otter liver from England and Wales (2008),"Tue, 01/01/2008 - 22:00","Tue, 11/27/2007 - 22:00",LC-Bruker maXis QTOF: Submission #11,London,UK,51.57467,-1.067028,0,Wet weight,"Eurasian Otter, Lutra lutra",,,UK,,River,,,,Other (22510),Liver,66.50200272,,Canada,0.5972883420745866,1.278793356102412
110,21569,21569,LIFE APEX,Real Sample,LIFE APEX 12 Buzzard liver from South Lincolnshire,"Sun, 01/01/2017 - 22:00","Sun, 11/27/2016 - 22:00",LC-Bruker maXis QTOF: Submission #11,Lincoln,UK,53.229319,-0.293403,1,Dry weight,Buzzard,,,South Lincolnshire,,Terrestrial environment,,South Lincolnshire,,Other (22510),Liver,,,UK,0.04002075883556697,1.4305837270207298
111,19170,19170,LIFE APEX,Real Sample,LIFE APEX 138 Grey Seal liver pooled from Baltic Sea,"Thu, 01/01/2015 - 22:00","Thu, 11/27/2014 - 22:00",LC-Bruker maXis QTOF: Submission #11,Husum,Germany,54.474786,9.007344,1,Wet weight,Grey Seal,,,,1.0,Marine environment,,,,Other (22510),Liver,74.57685002,,Germany,1.6839026966873845,-2.688954681717676
112,19915,19915,LIFE APEX,Real Sample,LIFE APEX 112 Buzzard liver from England (2018),"Mon, 01/01/2018 - 22:00","Mon, 11/27/2017 - 22:00",LC-Bruker maXis QTOF: Submission #11,London,UK,51.329021,0.379717,0,Wet weight,"Buzzard, Buteo buteo",,,UK,,Terrestrial environment,,,,Other (22510),Liver,72.98142928,,Canada,-0.5772090986252701,1.3731119619707677
113,21485,21485,LIFE APEX,Real Sample,LIFE APEX 55 Harbour Seal liver from Skagerrak,"Thu, 01/01/2015 - 22:00","Thu, 11/27/2014 - 22:00",LC-Bruker maXis QTOF: Submission #11,Goteborg,Sweden,58.488418,10.71067,1,Dry weight,Otter Seal,,,Skagerrak,,Coastal region,,Skagerrak,,Other (22510),Liver,,,Sweden,1.60102014165554,1.4173513955507002
114,21473,21473,LIFE APEX,Real Sample,LIFE APEX 59 Harbour Seal liver from Amrum,"Thu, 01/01/2015 - 22:00","Thu, 11/27/2014 - 22:00",LC-Bruker maXis QTOF: Submission #11,Husum,Germany,54.663544,8.356468,1,Dry weight,Harbour Seal,,,North Sea,,Coastal region,,North Sea,,Other (22510),Liver,,,Germany,0.8849687495824119,1.8588298505636371
115,19100,19100,LIFE APEX,Real Sample,LIFE APEX 152 Eurasian Otter liver pooled from Northern Moravia,"Fri, 01/01/2016 - 22:00","Fri, 11/27/2015 - 22:00",LC-Bruker maXis QTOF: Submission #11,Olomouc,Czech Republic,49.548002,17.270283,1,Wet weight,Eurasian Otter,,,,1.0,Terrestrial environment,,,,Other (22510),Liver,68.58435661,,Czech Republic,0.4562600277592249,1.4667552685793515
116,19088,19088,LIFE APEX,Real Sample,LIFE APEX 175 Eurasian Otter liver pooled from Kalmar-Ostergotlands lan,"Fri, 01/01/2016 - 22:00","Fri, 11/27/2015 - 22:00",LC-Bruker maXis QTOF: Submission #11,Kalmar,Sweden,56.654015,16.347488,1,Wet weight,Eurasian Otter,,,,3.0,Terrestrial environment,,,,Other (22510),Liver,69.71317886,,Sweden,0.9654410924047322,1.410338817323389
117,21523,21523,LIFE APEX,Real Sample,LIFE APEX 36 Otter liver from Harich,"Mon, 01/01/2018 - 22:00","Mon, 11/27/2017 - 22:00",LC-Bruker maXis QTOF: Submission #11,Sneek,Netherlands,52.937049,5.542928,1,Dry weight,Otter,,,Harich,,River,,Harich,,Other (22510),Liver,,,Netherlands,0.3966970860274585,1.5898928590879142
118,19122,19122,LIFE APEX,Real Sample,LIFE APEX 141 Eurasian Otter liver pooled from Marseille,"Wed, 01/01/2014 - 22:00","Wed, 11/27/2013 - 22:00",LC-Bruker maXis QTOF: Submission #11,Marseille,France,43.21771,5.321604,1,Wet weight,Eurasian Otter,,,,1.0,Terrestrial environment,,,,Other (22510),Liver,71.73679779,,France,0.5204095370971563,1.3665792544428226
119,19106,19106,LIFE APEX,Real Sample,LIFE APEX 149 Eurasian Otter liver pooled from Jutland,"Fri, 01/01/2016 - 22:00","Fri, 11/27/2015 - 22:00",LC-Bruker maXis QTOF: Submission #11,Copenhagen,Denmark,55.60806,12.502279,1,Wet weight,Eurasian Otter,,,,2.0,Terrestrial environment,,,,Other (22510),Liver,70.89108329,,Denmark,0.13481358326962511,1.4979412732608373
120,19094,19094,LIFE APEX,Real Sample,LIFE APEX 157 Eurasian Otter liver pooled from North-Eastern Hungary,"Sun, 01/01/2017 - 22:00","Sun, 11/27/2016 - 22:00",LC-Bruker maXis QTOF: Submission #11,Miskolc,Hungary,47.99092,20.876591,1,Wet weight,Eurasian Otter,,,,1.0,Terrestrial environment,,,,Other (22510),Liver,70.79743574,,Hungary,0.4627800479951959,1.3674791474857968
121,19064,19064,LIFE APEX,Real Sample,LIFE APEX 189 Buzzard liver pooled from Midle Saxony,"Thu, 01/01/2015 - 22:00","Thu, 11/27/2014 - 22:00",LC-Bruker maXis QTOF: Submission #11,Dresden,Germany,51.100723,13.825774,1,Wet weight,Buzzard,,,,2.0,Terrestrial environment,,,,Bird (22511),Liver,73.03709437,,Germany,-6.72568925083819,-1.1815682242952985
122,19146,19146,LIFE APEX,Real Sample,LIFE APEX 168 Ringed Seal liver pooled from Olav V Land,"Sun, 02/02/2020 - 22:00","Sun, 12/29/2019 - 22:00",LC-Bruker maXis QTOF: Submission #11,Longyearbyen,Norway,78.236198,15.563032,1,Wet weight,Ringed Seal,,,,2.0,Marine environment,,,,Fish (22486),Liver,69.2612674,,Norway,1.116729327312204,-2.609673335241086
123,21509,21509,LIFE APEX,Real Sample,LIFE APEX 43 Buzzard liver from Baden-Wurttemberg,"Mon, 01/01/2018 - 22:00","Mon, 11/27/2017 - 22:00",LC-Bruker maXis QTOF: Submission #11,Stuttgart,Germany,48.748195,9.26744,1,Dry weight,Buzzard,,,Baden-Wurttemberg,,Terrestrial environment,,Baden-Wurttemberg,,Other (22510),Liver,,,Germany,-0.06455546958141965,1.382128354413912
124,21483,21483,LIFE APEX,Real Sample,LIFE APEX 56 Harbour Seal liver from Oresund,"Thu, 01/01/2015 - 22:00","Thu, 11/27/2014 - 22:00",LC-Bruker maXis QTOF: Submission #11,Malmo,Sweden,55.653598,12.900543,1,Dry weight,Otter Seal,,,Oresund,,Coastal region,,Oresund,,Other (22510),Liver,,,Sweden,1.1291533603060515,1.660302873990447
125,19919,19919,LIFE APEX,Real Sample,LIFE APEX 110 Buzzard liver from England (2016),"Fri, 01/01/2016 - 22:00","Fri, 11/27/2015 - 22:00",LC-Bruker maXis QTOF: Submission #11,London,UK,51.329021,0.379717,0,Wet weight,"Buzzard, Buteo buteo",,,UK,,Terrestrial environment,,,,Other (22510),Liver,73.06873892,,Canada,-0.2768766826793879,1.4617790137036812
126,19951,19951,LIFE APEX,Real Sample,LIFE APEX 95 Harbour Seal liver from North Sea (2015),"Thu, 01/01/2015 - 22:00","Thu, 11/27/2014 - 22:00",LC-Bruker maXis QTOF: Submission #11,Cuxhaven,Germany,54.082933,8.48307,1,Wet weight,"Harbour Seal, Phoca vitulina",,,North Sea,,Coastal region,,North Sea Basin,,Other (22510),Liver,71.0,,Germany,0.24417670476767678,1.5026716577297774
127,19987,19987,LIFE APEX,Real Sample,LIFE APEX 78 Bream muscle from Rhine Bimmen (2016),"Fri, 01/01/2016 - 22:00","Fri, 11/27/2015 - 22:00",LC-Bruker maXis QTOF: Submission #11,Bimmen,Germany,51.86051,6.071775,1,Wet weight,"Bream, Abramis brama",,,Rhine River,,River,,Rhine River Basin,,Fish (22486),Muscle,80.0,,Germany,0.29683764442398963,-3.4562136872800417
128,19060,19060,LIFE APEX,Real Sample,"LIFE APEX 191 Buzzard liver pooled from Tienen, Sint-Truiden","Tue, 02/02/2021 - 22:00","Tue, 12/29/2020 - 22:00",LC-Bruker maXis QTOF: Submission #11,Tienen,Belgium,50.810677,4.994232,1,Wet weight,Buzzard,,,,1.0,Terrestrial environment,,,,Bird (22511),Liver,74.62585662,,Belgium,-7.016255058103092,-1.2378139710501344
129,19921,19921,LIFE APEX,Real Sample,LIFE APEX 109 Buzzard liver from England (2015),"Thu, 01/01/2015 - 22:00","Thu, 11/27/2014 - 22:00",LC-Bruker maXis QTOF: Submission #11,London,UK,51.329021,0.379717,0,Wet weight,"Buzzard, Buteo buteo",,,UK,,Terrestrial environment,,,,Other (22510),Liver,70.85348733,,Canada,0.5002558516539295,1.3672945888669812
130,19080,19080,LIFE APEX,Real Sample,"LIFE APEX 181 Buzzard liver pooled from Andros, Crete","Fri, 01/01/2016 - 22:00","Fri, 11/27/2015 - 22:00",LC-Bruker maXis QTOF: Submission #11,Heraklion,Greece,35.225485,25.138778,1,Wet weight,Buzzard,,,,1.0,Terrestrial environment,,,,Bird (22511),Liver,75.63140866,,Greece,-6.292257349566461,-1.1700537377308051
131,19118,19118,LIFE APEX,Real Sample,LIFE APEX 143 Eurasian Otter liver pooled from Eastern Austria,"Sun, 01/01/2017 - 22:00","Sun, 11/27/2016 - 22:00",LC-Bruker maXis QTOF: Submission #11,Innsbruck,Austria,47.265963,11.276432,1,Wet weight,Eurasian Otter,,,,1.0,Terrestrial environment,,,,Other (22510),Liver,68.78474838,,Austria,0.8369026884966707,-2.7294144100321227
132,19142,19142,LIFE APEX,Real Sample,LIFE APEX 170 Grey Seal liver pooled from Baltic Sea,"Fri, 01/01/2016 - 22:00","Fri, 11/27/2015 - 22:00",LC-Bruker maXis QTOF: Submission #11,Gdynia,Poland,54.517322,18.562618,1,Wet weight,Grey Seal,,,,1.0,Marine environment,,,,Other (22510),Liver,67.47252697,,Poland,1.1469481922670706,-0.8221013258889449
133,21555,21555,LIFE APEX,Real Sample,LIFE APEX 19 Roach muscle from River Thames (Standford-Abington),"Sun, 01/01/2017 - 22:00","Sun, 11/27/2016 - 22:00",LC-Bruker maXis QTOF: Submission #11,Northampton,UK,52.233289,-0.858002,1,Dry weight,Roach,,,Thames River Basin,,River,,Thames River Basin,,Fish (22486),Muscel,,,UK,1.5447840668860922,-4.205592373257814
134,19955,19955,LIFE APEX,Real Sample,LIFE APEX 93 Harbour Seal liver from North Sea (2013),"Tue, 01/01/2013 - 22:00","Tue, 11/27/2012 - 22:00",LC-Bruker maXis QTOF: Submission #11,Cuxhaven,Germany,54.082933,8.48307,1,Wet weight,"Harbour Seal, Phoca vitulina",,,North Sea,,Coastal region,,North Sea Basin,,Other (22510),Liver,73.0,,Germany,1.3897075130911913,1.4633223147512213
135,19136,19136,LIFE APEX,Real Sample,LIFE APEX 173 Bottlenose dolphin liver pooled from Galicia,"Thu, 01/01/2015 - 22:00","Thu, 11/27/2014 - 22:00",LC-Bruker maXis QTOF: Submission #11,Santiago de Compostela,Spain,42.737772,-9.076161,1,Wet weight,Bottlenose dolphin,,,,2.0,Marine environment,,,,Fish (22486),Liver,68.06259917,,Spain,1.0601986997781454,-3.8871166789116836
136,19977,19977,LIFE APEX,Real Sample,LIFE APEX 82 Harbour Seal liver from North Sea (2002),"Tue, 01/01/2002 - 22:00","Tue, 11/27/2001 - 22:00",LC-Bruker maXis QTOF: Submission #11,Cuxhaven,Germany,54.082933,8.48307,1,Wet weight,"Harbour Seal, Phoca vitulina",,,North Sea,,Coastal region,,North Sea Basin,,Other (22510),Liver,67.0,,Germany,0.38133891940015735,1.7819211547664746
137,21583,21583,LIFE APEX,Real Sample,LIFE APEX 06 Herring gull eggs from North Sea Mellum,"Thu, 01/01/2015 - 22:00","Thu, 11/27/2014 - 22:00",LC-Bruker maXis QTOF: Submission #11,Wilhelmshaven,Germany,53.54,8.11,1,Dry weight,Herring gull,,,North sea,,River,,North sea,,Other (22510),Other,,,Germany,0.6846608872225233,1.3637329594601506
138,19885,19885,LIFE APEX,Real Sample,LIFE APEX 126 Otter liver from England and Wales (2013),"Tue, 01/01/2013 - 22:00","Tue, 11/27/2012 - 22:00",LC-Bruker maXis QTOF: Submission #11,London,UK,51.57467,-1.067028,0,Wet weight,"Eurasian Otter, Lutra lutra",,,UK,,River,,,,Other (22510),Liver,68.0,,Canada,0.632074183200595,2.021089489742983
139,19114,19114,LIFE APEX,Real Sample,LIFE APEX 145 Eurasian Otter liver pooled from North England,"Fri, 01/01/2016 - 22:00","Fri, 11/27/2015 - 22:00",LC-Bruker maXis QTOF: Submission #11,Liverpool,UK,53.479349,-3.045326,1,Wet weight,Eurasian Otter,,,,2.0,Terrestrial environment,,,,Other (22510),Liver,67.01996861,,UK,-0.7798905027001367,1.3389780466704408
140,19961,19961,LIFE APEX,Real Sample,LIFE APEX 90 Harbour Seal liver from North Sea (2010),"Fri, 01/01/2010 - 22:00","Fri, 11/27/2009 - 22:00",LC-Bruker maXis QTOF: Submission #11,Cuxhaven,Germany,54.082933,8.48307,1,Wet weight,"Harbour Seal, Phoca vitulina",,,North Sea,,Coastal region,,North Sea Basin,,Other (22510),Liver,73.0,,Germany,1.2608619098748797,0.11646450328205665
141,19981,19981,LIFE APEX,Real Sample,LIFE APEX 80 Harbour Seal liver from North Sea (2000),"Sat, 01/01/2000 - 22:00","Sat, 11/27/1999 - 22:00",LC-Bruker maXis QTOF: Submission #11,Cuxhaven,Germany,54.082933,8.48307,1,Wet weight,"Harbour Seal, Phoca vitulina",,,North Sea,,Coastal region,,North Sea Basin,,Other (22510),Liver,70.0,,Germany,0.8074990707217105,1.9929072410407256
142,21497,21497,LIFE APEX,Real Sample,LIFE APEX 49 Otter liver from Vastmanland-Orebro,"Mon, 01/01/2018 - 22:00","Mon, 11/27/2017 - 22:00",LC-Bruker maXis QTOF: Submission #11,Orebro,Sweden,59.430855,15.385376,1,Dry weight,Otter,,,Vastmanland-Orebro,,River,,Vastmanland-Orebro,,Other (22510),Liver,,,Sweden,0.518912374288574,1.6991645175842112
143,19965,19965,LIFE APEX,Real Sample,LIFE APEX 88 Harbour Seal liver from North Sea (2008),"Tue, 01/01/2008 - 22:00","Tue, 11/27/2007 - 22:00",LC-Bruker maXis QTOF: Submission #11,Cuxhaven,Germany,54.082933,8.48307,1,Wet weight,"Harbour Seal, Phoca vitulina",,,North Sea,,Coastal region,,North Sea Basin,,Other (22510),Liver,69.0,,Germany,1.8522755953638321,1.1395518769854236
144,19947,19947,LIFE APEX,Real Sample,LIFE APEX 97 Harbour Seal liver from North Sea (2017),"Sun, 01/01/2017 - 22:00","Sun, 11/27/2016 - 22:00",LC-Bruker maXis QTOF: Submission #11,Cuxhaven,Germany,54.082933,8.48307,1,Wet weight,"Harbour Seal, Phoca vitulina",,,North Sea,,Coastal region,,North Sea Basin,,Other (22510),Liver,70.0,,Germany,0.7314753318623163,1.7872123331646874
145,19881,19881,LIFE APEX,Real Sample,LIFE APEX 128 Otter liver from England and Wales (2015),"Thu, 01/01/2015 - 22:00","Thu, 11/27/2014 - 22:00",LC-Bruker maXis QTOF: Submission #11,London,UK,51.57467,-1.067028,0,Wet weight,"Eurasian Otter, Lutra lutra",,,UK,,River,,,,Other (22510),Liver,68.98686742,,Canada,1.0918830355978701,1.7323988469383467
146,19120,19120,LIFE APEX,Real Sample,LIFE APEX 142 Eurasian Otter liver pooled from Eastern Austria,"Fri, 01/01/2016 - 22:00","Fri, 11/27/2015 - 22:00",LC-Bruker maXis QTOF: Submission #11,Innsbruck,Austria,47.264397,11.323576,1,Wet weight,Eurasian Otter,,,,1.0,Terrestrial environment,,,,Other (22510),Liver,68.45807939,,Austria,0.8186093392317431,0.8163932240993541
147,19949,19949,LIFE APEX,Real Sample,LIFE APEX 96 Harbour Seal liver from North Sea (2016),"Fri, 01/01/2016 - 22:00","Fri, 11/27/2015 - 22:00",LC-Bruker maXis QTOF: Submission #11,Cuxhaven,Germany,54.082933,8.48307,1,Wet weight,"Harbour Seal, Phoca vitulina",,,North Sea,,Coastal region,,North Sea Basin,,Other (22510),Liver,74.0,,Germany,1.4977606680130318,1.979485498936478
148,20007,20007,LIFE APEX,Real Sample,LIFE APEX 68 Bream muscle from Rhine Bimmen (1996),"Mon, 01/01/1996 - 22:00","Mon, 11/27/1995 - 22:00",LC-Bruker maXis QTOF: Submission #11,Bimmen,Germany,51.86051,6.071775,1,Wet weight,"Bream, Abramis brama",,,Rhine River,,River,,Rhine River Basin,,Fish (22486),Muscle,82.0,,Germany,0.9330554151154281,0.011997710867917871
149,21559,21559,LIFE APEX,Real Sample,LIFE APEX 17 Roach muscle from River Lea (Wheathampstead),"Fri, 01/01/2016 - 22:00","Fri, 11/27/2015 - 22:00",LC-Bruker maXis QTOF: Submission #11,Luton,UK,51.813566,-0.292979,1,Dry weight,Roach,,,Lea River Basin,,River,,Lea River Basin,,Fish (22486),Muscel,,,UK,1.5755488304220482,-3.8810554266089694
150,19867,19867,LIFE APEX,Real Sample,LIFE APEX 135 Otter liver from England and Wales (2015),"Thu, 01/01/2015 - 22:00","Thu, 11/27/2014 - 22:00",LC-Bruker maXis QTOF: Submission #11,London,UK,51.57467,-1.067028,0,Wet weight,"Eurasian Otter, Lutra lutra",,,UK,,River,,,,Other (22510),Liver,67.41630136,,Canada,0.4761843809925721,1.5343885573519116
151,21531,21531,LIFE APEX,Real Sample,LIFE APEX 31 Buzzard liver from Friesland,"Fri, 01/01/2016 - 22:00","Fri, 11/27/2015 - 22:00",LC-Bruker maXis QTOF: Submission #11,Leeuwarden,Netherlands,53.263884,6.097295,1,Dry weight,Buzzard,,,Friesland (NL),,Marine environment,,Friesland (NL),,Other (22510),Liver,,,Netherlands,0.3508417454764528,1.6330123379266288
152,19893,19893,LIFE APEX,Real Sample,LIFE APEX 122 Otter liver from England and Wales (2009),"Thu, 01/01/2009 - 22:00","Thu, 11/27/2008 - 22:00",LC-Bruker maXis QTOF: Submission #11,London,UK,51.57467,-1.067028,0,Wet weight,"Eurasian Otter, Lutra lutra",,,UK,,River,,,,Other (22510),Liver,67.0,,Canada,1.0157204382741991,1.9839764998827105
153,19156,19156,LIFE APEX,Real Sample,LIFE APEX 163 Grey Seal liver pooled from east and north Scotland,"Thu, 01/01/2015 - 22:00","Thu, 11/27/2014 - 22:00",LC-Bruker maXis QTOF: Submission #11,Glasgow,UK,55.935933,-4.564525,1,Wet weight,Grey Seal,,,,6.0,Marine environment,,,,Other (22510),Liver,68.88072709,,UK,0.6458298268164617,1.4060908809100856
154,19889,19889,LIFE APEX,Real Sample,LIFE APEX 124 Otter liver from England and Wales (2011),"Sat, 01/01/2011 - 22:00","Sat, 11/27/2010 - 22:00",LC-Bruker maXis QTOF: Submission #11,London,UK,51.57467,-1.067028,0,Wet weight,"Eurasian Otter, Lutra lutra",,,UK,,River,,,,Other (22510),Liver,68.0,,Canada,1.2181839190814048,1.8869821733890946
155,19132,19132,LIFE APEX,Real Sample,"LIFE APEX 177 Harbour Porpoise liver pooled from Belgium, France","Sun, 01/01/2017 - 22:00","Sun, 11/27/2016 - 22:00",LC-Bruker maXis QTOF: Submission #11,Antwerp,Belgium,51.411497,3.673056,1,Wet weight,Harbour Porpoise,,,,1.0,Marine environment,,,,Fish (22486),Liver,73.54919207,,Belgium,2.172969648039596,-4.148942616583367
156,21557,21557,LIFE APEX,Real Sample,LIFE APEX 18 Roach muscle from River Anker (Stationfields),"Sun, 01/01/2017 - 22:00","Sun, 11/27/2016 - 22:00",LC-Bruker maXis QTOF: Submission #11,Tamworth,UK,52.63664,-1.682843,1,Dry weight,Roach,,,Anker River Basin,,River,,Anker River Basin,,Fish (22486),Muscel,,,UK,1.624451008407521,-3.796702072560391
157,19879,19879,LIFE APEX,Real Sample,LIFE APEX 129 Otter liver from England and Wales (2016),"Fri, 01/01/2016 - 22:00","Fri, 11/27/2015 - 22:00",LC-Bruker maXis QTOF: Submission #11,London,UK,51.57467,-1.067028,0,Wet weight,"Eurasian Otter, Lutra lutra",,,UK,,River,,,,Other (22510),Liver,68.82761586,,Canada,1.810231455628778,1.7723231849532677
158,19941,19941,LIFE APEX,Real Sample,"LIFE APEX 99 Buzzard liver from England (2001, 2002)","Tue, 01/01/2002 - 22:00","Tue, 11/27/2001 - 22:00",LC-Bruker maXis QTOF: Submission #11,London,UK,51.329021,0.379717,0,Wet weight,"Buzzard, Buteo buteo",,,UK,,Terrestrial environment,,,,Other (22510),Liver,69.6424185,,Canada,0.12663626679652498,1.5912867099195025
159,21589,21589,LIFE APEX,Real Sample,LIFE APEX 03 Bream muscle from Rhine Bimmen,"Thu, 01/01/2015 - 22:00","Thu, 11/27/2014 - 22:00",LC-Bruker maXis QTOF: Submission #11,Emmerich,Germany,51.85,6.24,1,Dry weight,Bream,,,Rhine river basin,,River,,Rhine river basin,,Fish (22486),Muscel,,,Germany,1.5150699057916033,-3.6260164805263972
160,21579,21579,LIFE APEX,Real Sample,LIFE APEX 08 Eelpout muscle from North Sea Varel Mellum,"Thu, 01/01/2015 - 22:00","Thu, 11/27/2014 - 22:00",LC-Bruker maXis QTOF: Submission #11,Wilhelmshaven,Germany,53.54,8.11,1,Dry weight,Eelpout,,,North Sea,,Coastal region,,North Sea,,Fish (22486),Muscel,,,Germany,1.0767604807965603,-4.021399744732182
161,21519,21519,LIFE APEX,Real Sample,LIFE APEX 38 Harbour Seal liver from Zuid-Holland,"Tue, 01/01/2019 - 22:00","Tue, 11/27/2018 - 22:00",LC-Bruker maXis QTOF: Submission #11,Rotterdam,Netherlands,51.901053,4.284472,1,Dry weight,Harbour Seal,,,Zuid-Holland,,Coastal region,,Zuid-Holland,,Other (22510),Liver,,,Netherlands,0.7760163285603858,1.7194371204730974
162,21467,21467,LIFE APEX,Real Sample,LIFE APEX 62 Harbour Seal liver from Grothusenkoog,"Thu, 01/01/2015 - 22:00","Thu, 11/27/2014 - 22:00",LC-Bruker maXis QTOF: Submission #11,Heide,Germany,54.292287,8.752707,1,Dry weight,Harbour Seal,,,North Sea,,Coastal region,,North Sea,,Other (22510),Liver,,,Germany,-0.771508336691362,-1.0002121140211642
163,19937,19937,LIFE APEX,Real Sample,"LIFE APEX 101 Buzzard liver from England (2005, 2006)","Sun, 01/01/2006 - 22:00","Sun, 11/27/2005 - 22:00",LC-Bruker maXis QTOF: Submission #11,London,UK,51.329021,0.379717,0,Wet weight,"Buzzard, Buteo buteo",,,UK,,Terrestrial environment,,,,Other (22510),Liver,70.65305017,,Canada,-0.729419141669101,0.37329205838554746
164,19969,19969,LIFE APEX,Real Sample,LIFE APEX 86 Harbour Seal liver from North Sea (2006),"Sun, 01/01/2006 - 22:00","Sun, 11/27/2005 - 22:00",LC-Bruker maXis QTOF: Submission #11,Cuxhaven,Germany,54.082933,8.48307,1,Wet weight,"Harbour Seal, Phoca vitulina",,,North Sea,,Coastal region,,North Sea Basin,,Other (22510),Liver,73.0,,Germany,0.08440266420418337,1.8234635308047051
165,19160,19160,LIFE APEX,Real Sample,LIFE APEX 161 Striped dolphin liver pooled from Bay of Biscay,"Sun, 01/01/2017 - 22:00","Sun, 11/27/2016 - 22:00",LC-Bruker maXis QTOF: Submission #11,Bilbao,Spain,43.379766,-3.020877,1,Wet weight,Striped dolphin,,,,1.0,Marine environment,,,,Fish (22486),Liver,74.44633562,,Spain,1.5188294490574605,-1.6754209608099873
166,19112,19112,LIFE APEX,Real Sample,LIFE APEX 146 Eurasian Otter liver pooled from Midlands England,"Sun, 01/01/2017 - 22:00","Sun, 11/27/2016 - 22:00",LC-Bruker maXis QTOF: Submission #11,Birmingham,UK,52.479417,-1.933885,1,Wet weight,Eurasian Otter,,,,3.0,Terrestrial environment,,,,Other (22510),Liver,68.16586162,,UK,-1.5432796088849434,1.290327746933383
167,21591,21591,LIFE APEX,Real Sample,LIFE APEX 02 Bream muscle from Elbe,"Thu, 01/01/2015 - 22:00","Thu, 11/27/2014 - 22:00",LC-Bruker maXis QTOF: Submission #11,Wittenberge,Germany,53.01,11.75,1,Dry weight,Bream,,,Elbe river basin,,Coastal region,,Elbe river basin,,Fish (22486),Muscel,,,Germany,1.3180673160145129,-3.8304053302374825
168,21459,21459,LIFE APEX,Real Sample,LIFE APEX 66 Otter liver from Bosdorf,"Mon, 01/01/2018 - 22:00","Mon, 11/27/2017 - 22:00",LC-Bruker maXis QTOF: Submission #11,Eutin,Germany,54.13129,10.452888,1,Dry weight,Otter,,,Ploner Lake,,River,,Ploner Lake,,Other (22510),Liver,,,Germany,0.5041352065703448,2.507712668317101
169,21521,21521,LIFE APEX,Real Sample,LIFE APEX 37 Otter liver from Augustinusga,"Mon, 01/01/2018 - 22:00","Mon, 11/27/2017 - 22:00",LC-Bruker maXis QTOF: Submission #11,Groningen,Netherlands,53.226344,6.167509,1,Dry weight,Otter,,,Augustinusga,,River,,Augustinusga,,Other (22510),Liver,,,Netherlands,0.5276827823218089,1.4822282682234094
170,21525,21525,LIFE APEX,Real Sample,LIFE APEX 35 Otter liver from Zevenhuizen,"Mon, 01/01/2018 - 22:00","Mon, 11/27/2017 - 22:00",LC-Bruker maXis QTOF: Submission #11,Zevenhuizen-Moerkapelle,Netherlands,52.026211,4.558007,1,Dry weight,Otter,,,Zevenhuizen,,River,,Zevenhuizen,,Other (22510),Liver,,,Netherlands,0.15141685406684527,1.9056081670863754
171,19907,19907,LIFE APEX,Real Sample,LIFE APEX 116 Buzzard liver from England (2017),"Sun, 01/01/2017 - 22:00","Sun, 11/27/2016 - 22:00",LC-Bruker maXis QTOF: Submission #11,London,UK,51.329021,0.379717,0,Wet weight,"Buzzard, Buteo buteo",,,UK,,Terrestrial environment,,,,Other (22510),Liver,74.68418549,,Canada,0.013280215981334335,1.722411510971024
172,21565,21565,LIFE APEX,Real Sample,LIFE APEX 14 Buzzard liver from Sussex-Hampshire,"Sun, 01/01/2017 - 22:00","Sun, 11/27/2016 - 22:00",LC-Bruker maXis QTOF: Submission #11,Farnborough,UK,50.943334,-0.924196,1,Dry weight,Buzzard,,,Sussex/Hampshire,,Terrestrial environment,,Sussex/Hampshire,,Other (22510),Liver,,,UK,0.4371152953989644,1.6865023112172295
173,19174,19174,LIFE APEX,Real Sample,"LIFE APEX 136 Eurasian lynx muscle pooled from Dalarna, Jamtland","Sun, 01/01/2017 - 22:00","Sun, 11/27/2016 - 22:00",LC-Bruker maXis QTOF: Submission #11,Ostersund,Sweden,63.126679,14.443638,1,Wet weight,Eurasian lynx,,,,1.0,Terrestrial environment,,,,Other (22510),Muscle,71.0,,Sweden,0.22313574869919933,0.5096735617638379
174,19895,19895,LIFE APEX,Real Sample,LIFE APEX 121 Otter liver from England and Wales (2008),"Tue, 01/01/2008 - 22:00","Tue, 11/27/2007 - 22:00",LC-Bruker maXis QTOF: Submission #11,London,UK,51.57467,-1.067028,0,Wet weight,"Eurasian Otter, Lutra lutra",,,UK,,River,,,,Other (22510),Liver,65.0,,Canada,1.3275247038089266,1.9928891108792355
175,19066,19066,LIFE APEX,Real Sample,LIFE APEX 188 Buzzard liver pooled from Central Sardinia,"Sun, 02/02/2020 - 22:00","Sun, 12/29/2019 - 22:00",LC-Bruker maXis QTOF: Submission #11,Cagliari,Italy,39.413875,8.673894,1,Wet weight,Buzzard,,,,4.0,Terrestrial environment,,,,Bird (22511),Liver,73.18821329,,Italy,-7.522929499489465,-1.4518012269719605
176,21461,21461,LIFE APEX,Real Sample,LIFE APEX 65 Otter liver from Germany 02,"Mon, 01/01/2018 - 22:00","Mon, 11/27/2017 - 22:00",LC-Bruker maXis QTOF: Submission #11,Greifswald,Germany,54.129048,13.463002,1,Dry weight,Otter,,,,,Coastal region,,,,Other (22510),Liver,,,Germany,0.8395968445558728,1.7863325014541778
177,19997,19997,LIFE APEX,Real Sample,LIFE APEX 73 Bream muscle from Rhine Bimmen (2006),"Sun, 01/01/2006 - 22:00","Sun, 11/27/2005 - 22:00",LC-Bruker maXis QTOF: Submission #11,Bimmen,Germany,51.86051,6.071775,1,Wet weight,"Bream, Abramis brama",,,Rhine River,,River,,Rhine River Basin,,Fish (22486),Muscle,79.0,,Germany,1.9212663270887744,-3.8487741359832714
178,21511,21511,LIFE APEX,Real Sample,LIFE APEX 42 Buzzard liver from Lower Saxony,"Mon, 01/01/2018 - 22:00","Mon, 11/27/2017 - 22:00",LC-Bruker maXis QTOF: Submission #11,Hanover,Germany,52.378424,9.695191,1,Dry weight,Buzzard,,,Lower Saxony,,Terrestrial environment,,Lower Saxony,,Other (22510),Liver,,,Germany,-0.4907074892017364,1.4141189644173258
179,19897,19897,LIFE APEX,Real Sample,LIFE APEX 120 Otter liver from England and Wales (2007),"Mon, 01/01/2007 - 22:00","Mon, 11/27/2006 - 22:00",LC-Bruker maXis QTOF: Submission #11,London,UK,51.57467,-1.067028,0,Wet weight,"Eurasian Otter, Lutra lutra",,,UK,,River,,,,Other (22510),Liver,68.0,,Canada,-0.1561709595789116,1.967263942872394
180,19138,19138,LIFE APEX,Real Sample,LIFE APEX 172 Short-beaked common dolphin liver pooled from Galicia,"Fri, 01/01/2016 - 22:00","Fri, 11/27/2015 - 22:00",LC-Bruker maXis QTOF: Submission #11,Santiago de Compostela,Spain,42.786558,-9.044288,1,Wet weight,Short-beaked common dolphin,,,,2.0,Marine environment,,,,Fish (22486),Liver,70.76452599,,Spain,1.6427437719974958,-3.524091300767673
181,19989,19989,LIFE APEX,Real Sample,LIFE APEX 77 Bream muscle from Rhine Bimmen (2014),"Wed, 01/01/2014 - 22:00","Wed, 11/27/2013 - 22:00",LC-Bruker maXis QTOF: Submission #11,Bimmen,Germany,51.86051,6.071775,1,Wet weight,"Bream, Abramis brama",,,Rhine River,,River,,Rhine River Basin,,Fish (22486),Muscle,80.0,,Germany,1.7796922138179598,-3.54406156666564
182,21491,21491,LIFE APEX,Real Sample,LIFE APEX 52 Otter liver from Norrbotten,"Mon, 01/01/2018 - 22:00","Mon, 11/27/2017 - 22:00",LC-Bruker maXis QTOF: Submission #11,Kiruna,Sweden,67.934516,20.379767,1,Dry weight,Otter,,,Norrbotten,,River,,Norrbotten,,Other (22510),Liver,,,Sweden,0.5794652560727248,1.8689792468848372
183,21563,21563,LIFE APEX,Real Sample,LIFE APEX 15 Buzzard liver from South Wales-Somerset-Hertfordshire,"Sun, 01/01/2017 - 22:00","Sun, 11/27/2016 - 22:00",LC-Bruker maXis QTOF: Submission #11,Oxford,UK,51.76,-1.26,1,Dry weight,Buzzard,,,South Wales-Somerset-Hertfordshire,,Terrestrial environment,,South Wales-Somerset-Hertfordshire,,Other (22510),Liver,,,UK,0.6948155000614228,1.595774556478137
184,19991,19991,LIFE APEX,Real Sample,LIFE APEX 76 Bream muscle from Rhine Bimmen (2012),"Sun, 01/01/2012 - 22:00","Sun, 11/27/2011 - 22:00",LC-Bruker maXis QTOF: Submission #11,Bimmen,Germany,51.86051,6.071775,1,Wet weight,"Bream, Abramis brama",,,Rhine River,,River,,Rhine River Basin,,Fish (22486),Muscle,77.0,,Germany,1.6022639532002232,-3.9097583802797065
185,20005,20005,LIFE APEX,Real Sample,LIFE APEX 69 Bream muscle from Rhine Bimmen (1998),"Thu, 01/01/1998 - 22:00","Thu, 11/27/1997 - 22:00",LC-Bruker maXis QTOF: Submission #11,Bimmen,Germany,51.86051,6.071775,1,Wet weight,"Bream, Abramis brama",,,Rhine River,,River,,Rhine River Basin,,Fish (22486),Muscle,80.0,,Germany,1.4192732764922762,-2.716200326199213
186,19096,19096,LIFE APEX,Real Sample,LIFE APEX 154 Eurasian Otter liver pooled from Southern Moravia,"Fri, 01/01/2016 - 22:00","Fri, 11/27/2015 - 22:00",LC-Bruker maXis QTOF: Submission #11,Brno,Czech Republic,49.104827,16.631006,1,Wet weight,Eurasian Otter,,,,3.0,Terrestrial environment,,,,Other (22510),Liver,68.67873375,,Czech Republic,0.018728605249651215,1.4304703027056063
187,21533,21533,LIFE APEX,Real Sample,LIFE APEX 30 Harbour Porpoise liver from UK 05,"Sun, 01/01/2017 - 22:00","Sun, 11/27/2016 - 22:00",LC-Bruker maXis QTOF: Submission #11,Liverpool,UK,53.736376,-3.838481,1,Dry weight,Harbour Porpoise,,,Marine water of UK,,Marine environment,,Marine water of UK,,Fish (22486),Liver,,,UK,1.6326394896342822,-3.3481376749022123
188,19971,19971,LIFE APEX,Real Sample,LIFE APEX 85 Harbour Seal liver from North Sea (2005),"Sat, 01/01/2005 - 22:00","Sat, 11/27/2004 - 22:00",LC-Bruker maXis QTOF: Submission #11,Cuxhaven,Germany,54.082933,8.48307,1,Wet weight,"Harbour Seal, Phoca vitulina",,,North Sea,,Coastal region,,North Sea Basin,,Other (22510),Liver,69.0,,Germany,0.2002948694924134,1.5861865296596602
189,19869,19869,LIFE APEX,Real Sample,LIFE APEX 134 Otter liver from England and Wales (2015),"Thu, 01/01/2015 - 22:00","Thu, 11/27/2014 - 22:00",LC-Bruker maXis QTOF: Submission #11,London,UK,51.57467,-1.067028,0,Wet weight,"Eurasian Otter, Lutra lutra",,,UK,,River,,,,Other (22510),Liver,67.32055329,,Canada,0.7402051077018759,1.9091961881706234
190,19913,19913,LIFE APEX,Real Sample,LIFE APEX 113 Buzzard liver from England (2011),"Sat, 01/01/2011 - 22:00","Sat, 11/27/2010 - 22:00",LC-Bruker maXis QTOF: Submission #11,London,UK,51.329021,0.379717,0,Wet weight,"Buzzard, Buteo buteo",,,UK,,Terrestrial environment,,,,Other (22510),Liver,72.18055771,,Canada,-0.11827607290238411,1.5902371065824799
191,21537,21537,LIFE APEX,Real Sample,LIFE APEX 27 Harbour Porpoise liver from UK 03,"Tue, 01/01/2019 - 22:00","Tue, 11/27/2018 - 22:00",LC-Bruker maXis QTOF: Submission #11,Edinburgh,UK,56.149104,-2.539179,1,Dry weight,Harbour Porpoise,,,Marine water of UK,,Marine environment,,Marine water of UK,,Fish (22486),Liver,,,UK,1.8609260815933817,-3.4019923839208674
192,19154,19154,LIFE APEX,Real Sample,LIFE APEX 164 White-beaked dolphin liver pooled from east and north and west Scotland,"Fri, 01/01/2016 - 22:00","Fri, 11/27/2015 - 22:00",LC-Bruker maXis QTOF: Submission #11,Glasgow,UK,55.94813,-4.74281,1,Wet weight,White-beaked dolphin,,,,7.0,Marine environment,,,,Fish (22486),Liver,69.25500797,,UK,1.5855949795124709,-3.8474711568169666
193,21529,21529,LIFE APEX,Real Sample,LIFE APEX 32 Buzzard liver from Friesland,"Mon, 01/01/2018 - 22:00","Mon, 11/27/2017 - 22:00",LC-Bruker maXis QTOF: Submission #11,Leeuwarden,Netherlands,53.006056,5.567012,1,Dry weight,Buzzard,,,Friesland (NL),,Marine environment,,Friesland (NL),,Other (22510),Liver,,,Netherlands,0.04977822824593279,1.6618739394374464
194,21545,21545,LIFE APEX,Real Sample,LIFE APEX 24 Otter liver from East Anglia,"Fri, 01/01/2016 - 22:00","Fri, 11/27/2015 - 22:00",LC-Bruker maXis QTOF: Submission #11,Norwich,UK,52.604666,1.390054,1,Dry weight,Otter,,,East Anglia,,River,,East Anglia,,Other (22510),Liver,,,UK,0.6379420292774217,1.7069093521404515
195,21517,21517,LIFE APEX,Real Sample,LIFE APEX 39 Harbour Seal liver from Noord-Holland,"Mon, 01/01/2018 - 22:00","Mon, 11/27/2017 - 22:00",LC-Bruker maXis QTOF: Submission #11,Amsterdam,Netherlands,52.399878,5.075807,1,Dry weight,Harbour Seal,,,Noord-Holland,,Coastal region,,Noord-Holland,,Other (22510),Liver,,,Netherlands,0.6348893074131373,1.4451181427279491
196,19909,19909,LIFE APEX,Real Sample,LIFE APEX 115 Buzzard liver from England (2016),"Fri, 01/01/2016 - 22:00","Fri, 11/27/2015 - 22:00",LC-Bruker maXis QTOF: Submission #11,London,UK,51.329021,0.379717,0,Wet weight,"Buzzard, Buteo buteo",,,UK,,Terrestrial environment,,,,Other (22510),Liver,74.42920709,,Canada,0.6596655882651886,1.6395161208096094
