,sample_id,ID,Collection,Sample type,Short name for contribution,Sampling date,Analysis date,Instrument setup used,Monitored City,Monitored country,Latitude,Longitude,Alive or not,Basis of measurement,Biota species name (in Latin),Distance from the river source (km),Fat content (% of total wet matter),"Name of river, estuary, lake, reservoir, sea",Number of orgnanisms,Origin of biota,Proxy pressures,River basin name,Size (mm),Species group,Tissue,Water content(%),Weight (kg),field_country,PC1,PC2
0,19082,19082,LIFE APEX,Real Sample,"LIFE APEX 180 Buzzard liver pooled from Presov, Kosice, Trebisov, Humenne","Mon, 01/01/2018 - 22:00","Mon, 11/27/2017 - 22:00",LC-Bruker maXis QTOF: Submission #11,Kosice,Slovakia,48.808014,21.190465,1,Wet weight,Buzzard,,,,1.0,Terrestrial environment,,,,Bird (22511),Liver,72.07331331,,Slovakia,1715.5467890301854,47.92267728653996
1,21537,21537,LIFE APEX,Real Sample,LIFE APEX 27 Harbour Porpoise liver from UK 03,"Tue, 01/01/2019 - 22:00","Tue, 11/27/2018 - 22:00",LC-Bruker maXis QTOF: Submission #11,Edinburgh,UK,56.149104,-2.539179,1,Dry weight,Harbour Porpoise,,,Marine water of UK,,Marine environment,,Marine water of UK,,Fish (22486),Liver,,,UK,-629.9431669981891,903.5263264711334
2,19919,19919,LIFE APEX,Real Sample,LIFE APEX 110 Buzzard liver from England (2016),"Fri, 01/01/2016 - 22:00","Fri, 11/27/2015 - 22:00",LC-Bruker maXis QTOF: Submission #11,London,UK,51.329021,0.379717,0,Wet weight,"Buzzard, Buteo buteo",,,UK,,Terrestrial environment,,,,Other (22510),Liver,73.06873892,,Canada,724.2107804147553,-908.3078396074487
3,19871,19871,LIFE APEX,Real Sample,LIFE APEX 133 Otter liver from England and Wales (2008),"Tue, 01/01/2008 - 22:00","Tue, 11/27/2007 - 22:00",LC-Bruker maXis QTOF: Submission #11,London,UK,51.57467,-1.067028,0,Wet weight,"Eurasian Otter, Lutra lutra",,,UK,,River,,,,Other (22510),Liver,66.50200272,,Canada,225.90332267638388,-1006.0176611102586
4,19092,19092,LIFE APEX,Real Sample,LIFE APEX 158 Eurasian Otter liver pooled from South Hungary,"Thu, 01/01/2015 - 22:00","Thu, 11/27/2014 - 22:00",LC-Bruker maXis QTOF: Submission #11,Szeged,Hungary,46.340018,20.093273,1,Wet weight,Eurasian Otter,,,,2.0,Terrestrial environment,,,,Other (22510),Liver,70.26754886,,Hungary,730.298104049627,320.46075087463845
5,19959,19959,LIFE APEX,Real Sample,LIFE APEX 91 Harbour Seal liver from North Sea (2011),"Sat, 01/01/2011 - 22:00","Sat, 11/27/2010 - 22:00",LC-Bruker maXis QTOF: Submission #11,Cuxhaven,Germany,54.082933,8.48307,1,Wet weight,"Harbour Seal, Phoca vitulina",,,North Sea,,Coastal region,,North Sea Basin,,Other (22510),Liver,74.0,,Germany,13.813715675475578,-1020.7985427025682
6,19967,19967,LIFE APEX,Real Sample,LIFE APEX 87 Harbour Seal liver from North Sea (2007),"Mon, 01/01/2007 - 22:00","Mon, 11/27/2006 - 22:00",LC-Bruker maXis QTOF: Submission #11,Cuxhaven,Germany,54.082933,8.48307,1,Wet weight,"Harbour Seal, Phoca vitulina",,,North Sea,,Coastal region,,North Sea Basin,,Other (22510),Liver,70.0,,Germany,-55.87089226227537,-545.1856592262424
7,19050,19050,LIFE APEX,Real Sample,LIFE APEX 196 Buzzard liver pooled from Cluj-Napoca,"Tue, 01/01/2019 - 22:00","Tue, 11/27/2018 - 22:00",LC-Bruker maXis QTOF: Submission #11,Cluj-Napoca,Romania,46.735113,23.563525,1,Wet weight,Buzzard,,,,1.0,Terrestrial environment,,,,Bird (22511),Liver,77.5,,Romania,1852.6956473249584,406.66219021647714
8,19913,19913,LIFE APEX,Real Sample,LIFE APEX 113 Buzzard liver from England (2011),"Sat, 01/01/2011 - 22:00","Sat, 11/27/2010 - 22:00",LC-Bruker maXis QTOF: Submission #11,London,UK,51.329021,0.379717,0,Wet weight,"Buzzard, Buteo buteo",,,UK,,Terrestrial environment,,,,Other (22510),Liver,72.18055771,,Canada,470.7304279034082,-986.2874044341077
9,21575,21575,LIFE APEX,Real Sample,LIFE APEX 10 Eelpout muscle from North Sea Meldorfer Bucht,"Thu, 01/01/2015 - 22:00","Thu, 11/27/2014 - 22:00",LC-Bruker maXis QTOF: Submission #11,Cuxhaven,Germany,53.87,8.69,1,Dry weight,Eelpout,,,North Sea,,Coastal region,,North Sea,,Fish (22486),Muscle,,,Germany,-1826.1677371565092,320.4463832012501
10,19046,19046,LIFE APEX,Real Sample,LIFE APEX 198 Buzzard liver pooled from Warmian-Masurian Voivodeship,"Sun, 02/02/2020 - 22:00","Sun, 12/29/2019 - 22:00",LC-Bruker maXis QTOF: Submission #11,Olsztyn,Poland,53.803289,20.464641,1,Wet weight,Buzzard,,,,2.0,Terrestrial environment,,,,Bird (22511),Liver,69.5,,Poland,2598.800223023141,675.1539628240254
11,21469,21469,LIFE APEX,Real Sample,LIFE APEX 61 Harbour Seal liver from Busum 02,"Thu, 01/01/2015 - 22:00","Thu, 11/27/2014 - 22:00",LC-Bruker maXis QTOF: Submission #11,Heide,Germany,54.145131,8.822839,1,Dry weight,Harbour Seal,,,North Sea,,Coastal region,,North Sea,,Other (22510),Liver,,,Germany,-849.9530853852372,213.96826816966774
12,21491,21491,LIFE APEX,Real Sample,LIFE APEX 52 Otter liver from Norrbotten,"Mon, 01/01/2018 - 22:00","Mon, 11/27/2017 - 22:00",LC-Bruker maXis QTOF: Submission #11,Kiruna,Sweden,67.934516,20.379767,1,Dry weight,Otter,,,Norrbotten,,River,,Norrbotten,,Other (22510),Liver,,,Sweden,177.63181059575612,-214.4108900703698
13,19989,19989,LIFE APEX,Real Sample,LIFE APEX 77 Bream muscle from Rhine Bimmen (2014),"Wed, 01/01/2014 - 22:00","Wed, 11/27/2013 - 22:00",LC-Bruker maXis QTOF: Submission #11,Bimmen,Germany,51.86051,6.071775,1,Wet weight,"Bream, Abramis brama",,,Rhine River,,River,,Rhine River Basin,,Fish (22486),Muscle,80.0,,Germany,-1917.3059025259722,26.721248394701917
14,19096,19096,LIFE APEX,Real Sample,LIFE APEX 154 Eurasian Otter liver pooled from Southern Moravia,"Fri, 01/01/2016 - 22:00","Fri, 11/27/2015 - 22:00",LC-Bruker maXis QTOF: Submission #11,Brno,Czech Republic,49.104827,16.631006,1,Wet weight,Eurasian Otter,,,,3.0,Terrestrial environment,,,,Other (22510),Liver,68.67873375,,Czech Republic,836.408464024844,429.8965452270396
15,19108,19108,LIFE APEX,Real Sample,LIFE APEX 148 Eurasian Otter liver pooled from Southern Denmark,"Mon, 01/01/2018 - 22:00","Mon, 11/27/2017 - 22:00",LC-Bruker maXis QTOF: Submission #11,Vejle,Denmark,55.693697,9.590751,1,Wet weight,Eurasian Otter,,,,1.0,Terrestrial environment,,,,Other (22510),Liver,71.32909839,,Denmark,1196.1254884408002,641.7831037915846
16,19132,19132,LIFE APEX,Real Sample,"LIFE APEX 177 Harbour Porpoise liver pooled from Belgium, France","Sun, 01/01/2017 - 22:00","Sun, 11/27/2016 - 22:00",LC-Bruker maXis QTOF: Submission #11,Antwerp,Belgium,51.411497,3.673056,1,Wet weight,Harbour Porpoise,,,,1.0,Marine environment,,,,Fish (22486),Liver,73.54919207,,Belgium,-103.38960984014494,1402.293273976826
17,19911,19911,LIFE APEX,Real Sample,LIFE APEX 114 Buzzard liver from England (2013),"Tue, 01/01/2013 - 22:00","Tue, 11/27/2012 - 22:00",LC-Bruker maXis QTOF: Submission #11,London,UK,51.329021,0.379717,0,Wet weight,"Buzzard, Buteo buteo",,,UK,,Terrestrial environment,,,,Other (22510),Liver,73.64956985,,Canada,817.9574775922226,-410.0365754627994
18,21499,21499,LIFE APEX,Real Sample,LIFE APEX 48 Herring muscle from Vaderoarna,"Mon, 01/01/2018 - 22:00","Mon, 11/27/2017 - 22:00",LC-Bruker maXis QTOF: Submission #11,Goteborg,Sweden,58.582636,11.075436,1,Dry weight,Herring,,,Vaderoarna,,Coastal region,,Vaderoarna,,Other (22510),Muscle,,,Sweden,-1228.3112495668495,262.5429736427549
19,21515,21515,LIFE APEX,Real Sample,LIFE APEX 40 Bream muscle from Noord-Holland,"Tue, 01/01/2019 - 22:00","Tue, 11/27/2018 - 22:00",LC-Bruker maXis QTOF: Submission #11,Amsterdam,Netherlands,52.374011,4.913521,1,Dry weight,Bream,,,Noord-Holland,,River,,Noord-Holland,,Fish (22486),Muscle,,,Netherlands,-1656.3683194469454,125.74957112779678
20,19142,19142,LIFE APEX,Real Sample,LIFE APEX 170 Grey Seal liver pooled from Baltic Sea,"Fri, 01/01/2016 - 22:00","Fri, 11/27/2015 - 22:00",LC-Bruker maXis QTOF: Submission #11,Gdynia,Poland,54.517322,18.562618,1,Wet weight,Grey Seal,,,,1.0,Marine environment,,,,Other (22510),Liver,67.47252697,,Poland,-382.934050783192,834.0850772267444
21,21565,21565,LIFE APEX,Real Sample,LIFE APEX 14 Buzzard liver from Sussex-Hampshire,"Sun, 01/01/2017 - 22:00","Sun, 11/27/2016 - 22:00",LC-Bruker maXis QTOF: Submission #11,Farnborough,UK,50.943334,-0.924196,1,Dry weight,Buzzard,,,Sussex/Hampshire,,Terrestrial environment,,Sussex/Hampshire,,Other (22510),Liver,,,UK,787.7098466438374,-672.2333661269207
22,20001,20001,LIFE APEX,Real Sample,LIFE APEX 71 Bream muscle from Rhine Bimmen (2002),"Tue, 01/01/2002 - 22:00","Tue, 11/27/2001 - 22:00",LC-Bruker maXis QTOF: Submission #11,Bimmen,Germany,51.86051,6.071775,1,Wet weight,"Bream, Abramis brama",,,Rhine River,,River,,Rhine River Basin,,Fish (22486),Muscle,82.0,,Germany,-1938.4624353835554,-80.38543126014142
23,21533,21533,LIFE APEX,Real Sample,LIFE APEX 30 Harbour Porpoise liver from UK 05,"Sun, 01/01/2017 - 22:00","Sun, 11/27/2016 - 22:00",LC-Bruker maXis QTOF: Submission #11,Liverpool,UK,53.736376,-3.838481,1,Dry weight,Harbour Porpoise,,,Marine water of UK,,Marine environment,,Marine water of UK,,Fish (22486),Liver,,,UK,72.25174588651396,1816.4234666926254
24,19118,19118,LIFE APEX,Real Sample,LIFE APEX 143 Eurasian Otter liver pooled from Eastern Austria,"Sun, 01/01/2017 - 22:00","Sun, 11/27/2016 - 22:00",LC-Bruker maXis QTOF: Submission #11,Innsbruck,Austria,47.265963,11.276432,1,Wet weight,Eurasian Otter,,,,1.0,Terrestrial environment,,,,Other (22510),Liver,68.78474838,,Austria,-784.7801954961392,69.32982053438673
25,19905,19905,LIFE APEX,Real Sample,LIFE APEX 117 Buzzard liver from England (2018),"Mon, 01/01/2018 - 22:00","Mon, 11/27/2017 - 22:00",LC-Bruker maXis QTOF: Submission #11,London,UK,51.329021,0.379717,0,Wet weight,"Buzzard, Buteo buteo",,,UK,,Terrestrial environment,,,,Other (22510),Liver,74.28256256,,Canada,380.23712260410497,-849.5539267724104
26,19929,19929,LIFE APEX,Real Sample,LIFE APEX 105 Buzzard liver from England (2011),"Sat, 01/01/2011 - 22:00","Sat, 11/27/2010 - 22:00",LC-Bruker maXis QTOF: Submission #11,London,UK,51.329021,0.379717,0,Wet weight,"Buzzard, Buteo buteo",,,UK,,Terrestrial environment,,,,Other (22510),Liver,71.10651161,,Canada,1408.4061015933603,-583.6213980729472
27,21587,21587,LIFE APEX,Real Sample,LIFE APEX 04 Bream muscle from Belauer See,"Thu, 01/01/2015 - 22:00","Thu, 11/27/2014 - 22:00",LC-Bruker maXis QTOF: Submission #11,Neumunster,Germany,54.07,9.98,1,Dry weight,Bream,,,Belauer See,,Lake,,Belauer See,,Fish (22486),Muscle,,,Germany,-1761.6297877828224,753.5685920063045
28,19909,19909,LIFE APEX,Real Sample,LIFE APEX 115 Buzzard liver from England (2016),"Fri, 01/01/2016 - 22:00","Fri, 11/27/2015 - 22:00",LC-Bruker maXis QTOF: Submission #11,London,UK,51.329021,0.379717,0,Wet weight,"Buzzard, Buteo buteo",,,UK,,Terrestrial environment,,,,Other (22510),Liver,74.42920709,,Canada,371.10804397675037,-861.0910271476032
29,19891,19891,LIFE APEX,Real Sample,LIFE APEX 123 Otter liver from England and Wales (2010),"Fri, 01/01/2010 - 22:00","Fri, 11/27/2009 - 22:00",LC-Bruker maXis QTOF: Submission #11,London,UK,51.57467,-1.067028,0,Wet weight,"Eurasian Otter, Lutra lutra",,,UK,,River,,,,Other (22510),Liver,66.0,,Canada,515.6078750983598,-859.5606540064448
30,19168,19168,LIFE APEX,Real Sample,"LIFE APEX 140 Bottlenose dolphin liver pooled from Pellestrina, Sestri Levante, Genova","Mon, 01/01/2018 - 22:00","Mon, 11/27/2017 - 22:00",LC-Bruker maXis QTOF: Submission #11,Genova,Italy,44.388246,8.990696,1,Wet weight,Bottlenose dolphin,,,,2.0,Marine environment,,,,Fish (22486),Liver,72.82337025,,Italy,-377.69069855606455,410.6851718606874
31,21583,21583,LIFE APEX,Real Sample,LIFE APEX 06 Herring gull eggs from North Sea Mellum,"Thu, 01/01/2015 - 22:00","Thu, 11/27/2014 - 22:00",LC-Bruker maXis QTOF: Submission #11,Wilhelmshaven,Germany,53.54,8.11,1,Dry weight,Herring gull,,,North sea,,River,,North sea,,Other (22510),Other,,,Germany,-1634.564071585613,14.237299101879374
32,19088,19088,LIFE APEX,Real Sample,LIFE APEX 175 Eurasian Otter liver pooled from Kalmar-Ostergotlands lan,"Fri, 01/01/2016 - 22:00","Fri, 11/27/2015 - 22:00",LC-Bruker maXis QTOF: Submission #11,Kalmar,Sweden,56.654015,16.347488,1,Wet weight,Eurasian Otter,,,,3.0,Terrestrial environment,,,,Other (22510),Liver,69.71317886,,Sweden,493.16466146974824,456.1443221011765
33,19136,19136,LIFE APEX,Real Sample,LIFE APEX 173 Bottlenose dolphin liver pooled from Galicia,"Thu, 01/01/2015 - 22:00","Thu, 11/27/2014 - 22:00",LC-Bruker maXis QTOF: Submission #11,Santiago de Compostela,Spain,42.737772,-9.076161,1,Wet weight,Bottlenose dolphin,,,,2.0,Marine environment,,,,Fish (22486),Liver,68.06259917,,Spain,1048.1411593457985,1503.4811472321558
34,19971,19971,LIFE APEX,Real Sample,LIFE APEX 85 Harbour Seal liver from North Sea (2005),"Sat, 01/01/2005 - 22:00","Sat, 11/27/2004 - 22:00",LC-Bruker maXis QTOF: Submission #11,Cuxhaven,Germany,54.082933,8.48307,1,Wet weight,"Harbour Seal, Phoca vitulina",,,North Sea,,Coastal region,,North Sea Basin,,Other (22510),Liver,69.0,,Germany,81.96595687907929,-607.2340193431949
35,19973,19973,LIFE APEX,Real Sample,LIFE APEX 84 Harbour Seal liver from North Sea (2004),"Thu, 01/01/2004 - 22:00","Thu, 11/27/2003 - 22:00",LC-Bruker maXis QTOF: Submission #11,Cuxhaven,Germany,54.082933,8.48307,1,Wet weight,"Harbour Seal, Phoca vitulina",,,North Sea,,Coastal region,,North Sea Basin,,Other (22510),Liver,72.0,,Germany,117.1552053932295,-571.0817102644377
36,19949,19949,LIFE APEX,Real Sample,LIFE APEX 96 Harbour Seal liver from North Sea (2016),"Fri, 01/01/2016 - 22:00","Fri, 11/27/2015 - 22:00",LC-Bruker maXis QTOF: Submission #11,Cuxhaven,Germany,54.082933,8.48307,1,Wet weight,"Harbour Seal, Phoca vitulina",,,North Sea,,Coastal region,,North Sea Basin,,Other (22510),Liver,74.0,,Germany,-63.7739355213886,-512.9066238984717
37,19953,19953,LIFE APEX,Real Sample,LIFE APEX 94 Harbour Seal liver from North Sea (2014),"Wed, 01/01/2014 - 22:00","Wed, 11/27/2013 - 22:00",LC-Bruker maXis QTOF: Submission #11,Cuxhaven,Germany,54.082933,8.48307,1,Wet weight,"Harbour Seal, Phoca vitulina",,,North Sea,,Coastal region,,North Sea Basin,,Other (22510),Liver,65.0,,Germany,-598.820087371308,-816.8795005162768
38,19060,19060,LIFE APEX,Real Sample,"LIFE APEX 191 Buzzard liver pooled from Tienen, Sint-Truiden","Tue, 02/02/2021 - 22:00","Tue, 12/29/2020 - 22:00",LC-Bruker maXis QTOF: Submission #11,Tienen,Belgium,50.810677,4.994232,1,Wet weight,Buzzard,,,,1.0,Terrestrial environment,,,,Bird (22511),Liver,74.62585662,,Belgium,2058.426192343596,588.4486549835368
39,19963,19963,LIFE APEX,Real Sample,LIFE APEX 89 Harbour Seal liver from North Sea (2009),"Thu, 01/01/2009 - 22:00","Thu, 11/27/2008 - 22:00",LC-Bruker maXis QTOF: Submission #11,Cuxhaven,Germany,54.082933,8.48307,1,Wet weight,"Harbour Seal, Phoca vitulina",,,North Sea,,Coastal region,,North Sea Basin,,Other (22510),Liver,74.0,,Germany,-907.9209628387946,-475.484281212336
40,21459,21459,LIFE APEX,Real Sample,LIFE APEX 66 Otter liver from Bosdorf,"Mon, 01/01/2018 - 22:00","Mon, 11/27/2017 - 22:00",LC-Bruker maXis QTOF: Submission #11,Eutin,Germany,54.13129,10.452888,1,Dry weight,Otter,,,Ploner Lake,,River,,Ploner Lake,,Other (22510),Liver,,,Germany,-132.26361011213726,22.500400649187142
41,20005,20005,LIFE APEX,Real Sample,LIFE APEX 69 Bream muscle from Rhine Bimmen (1998),"Thu, 01/01/1998 - 22:00","Thu, 11/27/1997 - 22:00",LC-Bruker maXis QTOF: Submission #11,Bimmen,Germany,51.86051,6.071775,1,Wet weight,"Bream, Abramis brama",,,Rhine River,,River,,Rhine River Basin,,Fish (22486),Muscle,80.0,,Germany,-1943.7836235546677,-50.65061062447488
42,19955,19955,LIFE APEX,Real Sample,LIFE APEX 93 Harbour Seal liver from North Sea (2013),"Tue, 01/01/2013 - 22:00","Tue, 11/27/2012 - 22:00",LC-Bruker maXis QTOF: Submission #11,Cuxhaven,Germany,54.082933,8.48307,1,Wet weight,"Harbour Seal, Phoca vitulina",,,North Sea,,Coastal region,,North Sea Basin,,Other (22510),Liver,73.0,,Germany,-536.8922613052705,-811.5678107434122
43,19969,19969,LIFE APEX,Real Sample,LIFE APEX 86 Harbour Seal liver from North Sea (2006),"Sun, 01/01/2006 - 22:00","Sun, 11/27/2005 - 22:00",LC-Bruker maXis QTOF: Submission #11,Cuxhaven,Germany,54.082933,8.48307,1,Wet weight,"Harbour Seal, Phoca vitulina",,,North Sea,,Coastal region,,North Sea Basin,,Other (22510),Liver,73.0,,Germany,122.9762165196965,-748.575135378551
44,19939,19939,LIFE APEX,Real Sample,LIFE APEX 100 Buzzard liver from England (2003),"Wed, 01/01/2003 - 22:00","Wed, 11/27/2002 - 22:00",LC-Bruker maXis QTOF: Submission #11,London,UK,51.329021,0.379717,0,Wet weight,"Buzzard, Buteo buteo",,,UK,,Terrestrial environment,,,,Other (22510),Liver,69.87417919,,Canada,935.5071660988519,-887.2272803962362
45,21577,21577,LIFE APEX,Real Sample,LIFE APEX 09 Eelpout muscle from Baltic Sea Darsser Ort,"Thu, 01/01/2015 - 22:00","Thu, 11/27/2014 - 22:00",LC-Bruker maXis QTOF: Submission #11,Ribnitz-Damgarten,Germany,54.24,12.43,1,Dry weight,Eelpout,,,Baltic Sea,,Coastal region,,Baltic Sea,,Fish (22486),Muscle,,,Germany,-1835.9637692902527,430.77029089986877
46,21511,21511,LIFE APEX,Real Sample,LIFE APEX 42 Buzzard liver from Lower Saxony,"Mon, 01/01/2018 - 22:00","Mon, 11/27/2017 - 22:00",LC-Bruker maXis QTOF: Submission #11,Hanover,Germany,52.378424,9.695191,1,Dry weight,Buzzard,,,Lower Saxony,,Terrestrial environment,,Lower Saxony,,Other (22510),Liver,,,Germany,103.03958129872154,-445.415116730863
47,19921,19921,LIFE APEX,Real Sample,LIFE APEX 109 Buzzard liver from England (2015),"Thu, 01/01/2015 - 22:00","Thu, 11/27/2014 - 22:00",LC-Bruker maXis QTOF: Submission #11,London,UK,51.329021,0.379717,0,Wet weight,"Buzzard, Buteo buteo",,,UK,,Terrestrial environment,,,,Other (22510),Liver,70.85348733,,Canada,505.37310778014887,-1108.1249920083192
48,19098,19098,LIFE APEX,Real Sample,LIFE APEX 153 Eurasian Otter liver pooled from Southern Bohemia,"Fri, 01/01/2016 - 22:00","Fri, 11/27/2015 - 22:00",LC-Bruker maXis QTOF: Submission #11,Brno,Czech Republic,49.237417,16.514217,1,Wet weight,Eurasian Otter,,,,2.0,Terrestrial environment,,,,Other (22510),Liver,68.02188089,,Czech Republic,675.507914773624,318.42221921468223
49,19879,19879,LIFE APEX,Real Sample,LIFE APEX 129 Otter liver from England and Wales (2016),"Fri, 01/01/2016 - 22:00","Fri, 11/27/2015 - 22:00",LC-Bruker maXis QTOF: Submission #11,London,UK,51.57467,-1.067028,0,Wet weight,"Eurasian Otter, Lutra lutra",,,UK,,River,,,,Other (22510),Liver,68.82761586,,Canada,152.39661260892052,-959.0682415146862
50,21571,21571,LIFE APEX,Real Sample,LIFE APEX 11 Buzzard liver from the Wash,"Sun, 01/01/2017 - 22:00","Sun, 11/27/2016 - 22:00",LC-Bruker maXis QTOF: Submission #11,Peterborough,UK,52.91546,0.248173,1,Dry weight,Buzzard,,,Wash,,Terrestrial environment,,Wash,,Other (22510),Liver,,,Canada,527.7712604876705,-581.3689774407605
51,21585,21585,LIFE APEX,Real Sample,LIFE APEX 05 Bream muscle from Saar Gudingen,"Thu, 01/01/2015 - 22:00","Thu, 11/27/2014 - 22:00",LC-Bruker maXis QTOF: Submission #11,Saarbrucken,Germany,49.25,6.97,1,Dry weight,Bream,,,Rhine river basin,,River,,Rhine river basin,,Fish (22486),Muscle,,,Germany,-1646.856065078023,418.1590271842882
52,21569,21569,LIFE APEX,Real Sample,LIFE APEX 12 Buzzard liver from South Lincolnshire,"Sun, 01/01/2017 - 22:00","Sun, 11/27/2016 - 22:00",LC-Bruker maXis QTOF: Submission #11,Lincoln,UK,53.229319,-0.293403,1,Dry weight,Buzzard,,,South Lincolnshire,,Terrestrial environment,,South Lincolnshire,,Other (22510),Liver,,,UK,611.900773567296,-721.4422570728913
53,19985,19985,LIFE APEX,Real Sample,LIFE APEX 79 Bream muscle from Rhine Bimmen (2018),"Mon, 01/01/2018 - 22:00","Mon, 11/27/2017 - 22:00",LC-Bruker maXis QTOF: Submission #11,Bimmen,Germany,51.86051,6.071775,1,Wet weight,"Bream, Abramis brama",,,Rhine River,,River,,Rhine River Basin,,Fish (22486),Muscle,78.0,,Germany,-1894.2512913058943,117.84698923702524
54,19172,19172,LIFE APEX,Real Sample,"LIFE APEX 137 White-tailed Sea Eagle muscle pooled from Sodermanland, Uppland","Sun, 01/01/2017 - 22:00","Sun, 11/27/2016 - 22:00",LC-Bruker maXis QTOF: Submission #11,Uppsala,Sweden,59.837659,17.547826,1,Wet weight,White-tailed Sea Eagle,,,,2.0,Terrestrial environment,,,,Bird (22511),Muscle,67.0,,Sweden,597.3899395585123,113.79381664688648
55,21579,21579,LIFE APEX,Real Sample,LIFE APEX 08 Eelpout muscle from North Sea Varel Mellum,"Thu, 01/01/2015 - 22:00","Thu, 11/27/2014 - 22:00",LC-Bruker maXis QTOF: Submission #11,Wilhelmshaven,Germany,53.54,8.11,1,Dry weight,Eelpout,,,North Sea,,Coastal region,,North Sea,,Fish (22486),Muscle,,,Germany,-1607.5464397482779,694.3881192165965
56,21485,21485,LIFE APEX,Real Sample,LIFE APEX 55 Harbour Seal liver from Skagerrak,"Thu, 01/01/2015 - 22:00","Thu, 11/27/2014 - 22:00",LC-Bruker maXis QTOF: Submission #11,Goteborg,Sweden,58.488418,10.71067,1,Dry weight,Otter Seal,,,Skagerrak,,Coastal region,,Skagerrak,,Other (22510),Liver,,,Sweden,-726.1449253361102,-462.75527427156635
57,20007,20007,LIFE APEX,Real Sample,LIFE APEX 68 Bream muscle from Rhine Bimmen (1996),"Mon, 01/01/1996 - 22:00","Mon, 11/27/1995 - 22:00",LC-Bruker maXis QTOF: Submission #11,Bimmen,Germany,51.86051,6.071775,1,Wet weight,"Bream, Abramis brama",,,Rhine River,,River,,Rhine River Basin,,Fish (22486),Muscle,82.0,,Germany,-2013.2121239046164,13.935747232136366
58,21473,21473,LIFE APEX,Real Sample,LIFE APEX 59 Harbour Seal liver from Amrum,"Thu, 01/01/2015 - 22:00","Thu, 11/27/2014 - 22:00",LC-Bruker maXis QTOF: Submission #11,Husum,Germany,54.663544,8.356468,1,Dry weight,Harbour Seal,,,North Sea,,Coastal region,,North Sea,,Other (22510),Liver,,,Germany,-451.0771921637263,216.64243291877358
59,19116,19116,LIFE APEX,Real Sample,LIFE APEX 144 Eurasian Otter liver pooled from Wales,"Thu, 01/01/2015 - 22:00","Thu, 11/27/2014 - 22:00",LC-Bruker maXis QTOF: Submission #11,Cardiff,UK,51.464898,-3.13467,1,Wet weight,Eurasian Otter,,,,1.0,Terrestrial environment,,,,Other (22510),Liver,67.50842257,,UK,-571.6248729235447,-396.87323557621806
60,19138,19138,LIFE APEX,Real Sample,LIFE APEX 172 Short-beaked common dolphin liver pooled from Galicia,"Fri, 01/01/2016 - 22:00","Fri, 11/27/2015 - 22:00",LC-Bruker maXis QTOF: Submission #11,Santiago de Compostela,Spain,42.786558,-9.044288,1,Wet weight,Short-beaked common dolphin,,,,2.0,Marine environment,,,,Fish (22486),Liver,70.76452599,,Spain,135.47018255624081,671.0411398458544
61,19076,19076,LIFE APEX,Real Sample,"LIFE APEX 183 Buzzard liver pooled from Central, South and West Slovenia","Thu, 01/01/2015 - 22:00","Thu, 11/27/2014 - 22:00",LC-Bruker maXis QTOF: Submission #11,Ljubljana,Slovenia,45.979648,14.492887,1,Wet weight,Buzzard,,,,1.0,Terrestrial environment,,,,Bird (22511),Liver,74.45485339,,Slovenia,2538.216544011542,728.0833015393391
62,19158,19158,LIFE APEX,Real Sample,LIFE APEX 162 Short-beaked common dolphin liver pooled from Scoltand and western isles,"Thu, 01/01/2015 - 22:00","Thu, 11/27/2014 - 22:00",LC-Bruker maXis QTOF: Submission #11,Glasgow,UK,55.927465,-4.571935,1,Wet weight,Short-beaked common dolphin,,,,5.0,Marine environment,,,,Fish (22486),Liver,66.01463357,,UK,65.41238525034856,449.5937491964899
63,19881,19881,LIFE APEX,Real Sample,LIFE APEX 128 Otter liver from England and Wales (2015),"Thu, 01/01/2015 - 22:00","Thu, 11/27/2014 - 22:00",LC-Bruker maXis QTOF: Submission #11,London,UK,51.57467,-1.067028,0,Wet weight,"Eurasian Otter, Lutra lutra",,,UK,,River,,,,Other (22510),Liver,68.98686742,,Canada,325.78478936108087,-897.0049984647756
64,19062,19062,LIFE APEX,Real Sample,"LIFE APEX 190 Buzzard liver pooled from Reutlingen, Oberhausen, Lichtenstein","Mon, 01/01/2018 - 22:00","Mon, 11/27/2017 - 22:00",LC-Bruker maXis QTOF: Submission #11,Reutlingen,Germany,48.466091,9.165925,1,Wet weight,Buzzard,,,,3.0,Terrestrial environment,,,,Bird (22511),Liver,73.0,,Germany,1724.323219993293,201.61949460655325
65,19144,19144,LIFE APEX,Real Sample,LIFE APEX 169 Bearded Seal liver pooled from Olav V Land,"Tue, 01/01/2019 - 22:00","Tue, 11/27/2018 - 22:00",LC-Bruker maXis QTOF: Submission #11,Longyearbyen,Norway,78.247999,15.694319,1,Wet weight,Bearded Seal,,,,2.0,Marine environment,,,,Fish (22486),Liver,69.4853781,,Norway,249.3442054184775,550.2200248773113
66,21507,21507,LIFE APEX,Real Sample,LIFE APEX 44 Buzzard liver from Baden-Wurttemberg,"Mon, 01/01/2018 - 22:00","Mon, 11/27/2017 - 22:00",LC-Bruker maXis QTOF: Submission #11,Stuttgart,Germany,54.20943,12.816105,1,Dry weight,Buzzard,,,Baden-Wurttemberg,,Terrestrial environment,,Baden-Wurttemberg,,Other (22510),Liver,,,Germany,92.67499631429374,-527.3867775133389
67,19993,19993,LIFE APEX,Real Sample,LIFE APEX 75 Bream muscle from Rhine Bimmen (2010),"Fri, 01/01/2010 - 22:00","Fri, 11/27/2009 - 22:00",LC-Bruker maXis QTOF: Submission #11,Bimmen,Germany,51.86051,6.071775,1,Wet weight,"Bream, Abramis brama",,,Rhine River,,River,,Rhine River Basin,,Fish (22486),Muscle,78.0,,Germany,-1925.153574532185,158.22175710306573
68,19901,19901,LIFE APEX,Real Sample,"LIFE APEX 118 Otter liver from England and Wales (2003, 2004)","Thu, 01/01/2004 - 22:00","Thu, 11/27/2003 - 22:00",LC-Bruker maXis QTOF: Submission #11,London,UK,51.57467,-1.067028,0,Wet weight,"Eurasian Otter, Lutra lutra",,,UK,,River,,,,Other (22510),Liver,65.0,,Canada,772.723667406643,-406.60741228009056
69,19887,19887,LIFE APEX,Real Sample,LIFE APEX 125 Otter liver from England and Wales (2012),"Sun, 01/01/2012 - 22:00","Sun, 11/27/2011 - 22:00",LC-Bruker maXis QTOF: Submission #11,London,UK,51.57467,-1.067028,0,Wet weight,"Eurasian Otter, Lutra lutra",,,UK,,River,,,,Other (22510),Liver,67.0,,Canada,269.1168185384584,-1034.8139104250438
70,21501,21501,LIFE APEX,Real Sample,LIFE APEX 47 Herring muscle from Utlangan,"Mon, 01/01/2018 - 22:00","Mon, 11/27/2017 - 22:00",LC-Bruker maXis QTOF: Submission #11,Karlskrona,Sweden,56.016137,15.773463,1,Dry weight,Herring,,,Utlangan,,Coastal region,,Utlangan,,Other (22510),Muscle,,,Sweden,-1266.9966172307854,159.029566376305
71,21471,21471,LIFE APEX,Real Sample,LIFE APEX 60 Harbour Seal liver from Busum 01,"Thu, 01/01/2015 - 22:00","Thu, 11/27/2014 - 22:00",LC-Bruker maXis QTOF: Submission #11,Heide,Germany,54.119344,8.872848,1,Dry weight,Harbour Seal,,,North Sea,,Coastal region,,North Sea,,Other (22510),Liver,,,Germany,-1600.419241520838,-264.86049880361395
72,19134,19134,LIFE APEX,Real Sample,LIFE APEX 174 Bottlenose dolphin liver pooled from Galicia,"Thu, 01/01/2015 - 22:00","Thu, 11/27/2014 - 22:00",LC-Bruker maXis QTOF: Submission #11,Santiago de Compostela,Spain,42.677202,-9.036299,1,Wet weight,Bottlenose dolphin,,,,2.0,Marine environment,,,,Fish (22486),Liver,70.13206725,,Spain,243.19434935608717,332.58751294121157
73,21513,21513,LIFE APEX,Real Sample,LIFE APEX 41 Buzzard liver from Berlin,"Mon, 01/01/2018 - 22:00","Mon, 11/27/2017 - 22:00",LC-Bruker maXis QTOF: Submission #11,Berlin,Germany,52.553125,13.223138,1,Dry weight,Buzzard,,,Berlin area,,Terrestrial environment,,Berlin area,,Other (22510),Liver,,,Germany,406.9151640879776,-374.05188944419933
74,21593,21593,LIFE APEX,Real Sample,LIFE APEX 01 Bream muscle from Danube Jochenstein,"Thu, 01/01/2015 - 22:00","Thu, 11/27/2014 - 22:00",LC-Bruker maXis QTOF: Submission #11,Dessau,Germany,51.83,12.22,1,Dry weight,Bream,,,Danube river basin,,Coastal region,,Danube river basin,,Fish (22486),Muscle,,,Germany,-1604.5996267879414,669.9252125453238
75,21527,21527,LIFE APEX,Real Sample,LIFE APEX 33 Otter liver from Overijssel,"Mon, 01/01/2018 - 22:00","Mon, 11/27/2017 - 22:00",LC-Bruker maXis QTOF: Submission #11,Almelo,Netherlands,52.583347,6.099912,1,Dry weight,Otter,,,Overijssel,,River,,Overijssel,,Other (22510),Liver,,,Netherlands,-813.2556556346783,-112.70217932038427
76,19174,19174,LIFE APEX,Real Sample,"LIFE APEX 136 Eurasian lynx muscle pooled from Dalarna, Jamtland","Sun, 01/01/2017 - 22:00","Sun, 11/27/2016 - 22:00",LC-Bruker maXis QTOF: Submission #11,Ostersund,Sweden,63.126679,14.443638,1,Wet weight,Eurasian lynx,,,,1.0,Terrestrial environment,,,,Other (22510),Muscle,71.0,,Sweden,-869.3004147677502,240.16953326334374
77,19895,19895,LIFE APEX,Real Sample,LIFE APEX 121 Otter liver from England and Wales (2008),"Tue, 01/01/2008 - 22:00","Tue, 11/27/2007 - 22:00",LC-Bruker maXis QTOF: Submission #11,London,UK,51.57467,-1.067028,0,Wet weight,"Eurasian Otter, Lutra lutra",,,UK,,River,,,,Other (22510),Liver,65.0,,Canada,187.93593627015548,-875.6715600822146
78,19883,19883,LIFE APEX,Real Sample,LIFE APEX 127 Otter liver from England and Wales (2014),"Wed, 01/01/2014 - 22:00","Wed, 11/27/2013 - 22:00",LC-Bruker maXis QTOF: Submission #11,London,UK,51.57467,-1.067028,0,Wet weight,"Eurasian Otter, Lutra lutra",,,UK,,River,,,,Other (22510),Liver,67.0,,Canada,691.5646166715853,-702.884039993045
79,19102,19102,LIFE APEX,Real Sample,LIFE APEX 151 Eurasian Otter liver pooled from Jutland,"Thu, 01/01/2015 - 22:00","Thu, 11/27/2014 - 22:00",LC-Bruker maXis QTOF: Submission #11,Copenhagen,Denmark,55.730737,12.58783,1,Wet weight,Eurasian Otter,,,,2.0,Terrestrial environment,,,,Other (22510),Liver,68.94836476,,Denmark,1237.3176068563996,974.6689989803323
80,21543,21543,LIFE APEX,Real Sample,LIFE APEX 25 Otter liver from North Wales,"Sun, 01/01/2017 - 22:00","Sun, 11/27/2016 - 22:00",LC-Bruker maXis QTOF: Submission #11,Liverpool,UK,52.746127,-3.96748,1,Dry weight,Otter,,,North Wales,,River,,North Wales,,Other (22510),Liver,,,UK,-35.30463614025366,-312.88781249786484
81,21487,21487,LIFE APEX,Real Sample,LIFE APEX 54 Harbour Seal liver from Kattegat,"Fri, 01/01/2016 - 22:00","Fri, 11/27/2015 - 22:00",LC-Bruker maXis QTOF: Submission #11,Goteborg,Sweden,56.951607,11.301717,1,Dry weight,Otter Seal,,,Kattegat,,Coastal region,,Kattegat,,Other (22510),Liver,,,Sweden,-1088.0606893818986,45.28838184271737
82,19875,19875,LIFE APEX,Real Sample,LIFE APEX 131 Otter liver from England and Wales (2018),"Mon, 01/01/2018 - 22:00","Mon, 11/27/2017 - 22:00",LC-Bruker maXis QTOF: Submission #11,London,UK,51.57467,-1.067028,0,Wet weight,"Eurasian Otter, Lutra lutra",,,UK,,River,,,,Other (22510),Liver,67.46431726,,Canada,215.92228028176729,-800.2533459440093
83,19164,19164,LIFE APEX,Real Sample,LIFE APEX 156 Harbour Porpoise liver pooled from Varangerfjorden,"Sun, 01/01/2017 - 22:00","Sun, 11/27/2016 - 22:00",LC-Bruker maXis QTOF: Submission #11,Varangerfjorden,Norway,70.142798,28.886762,1,Wet weight,Harbour Porpoise,,,,1.0,Marine environment,,,,Fish (22486),Liver,72.717324,,Norway,-1146.8832055184755,-69.015044995298
84,21461,21461,LIFE APEX,Real Sample,LIFE APEX 65 Otter liver from Germany 02,"Mon, 01/01/2018 - 22:00","Mon, 11/27/2017 - 22:00",LC-Bruker maXis QTOF: Submission #11,Greifswald,Germany,54.129048,13.463002,1,Dry weight,Otter,,,,,Coastal region,,,,Other (22510),Liver,,,Germany,-403.9837898875626,-134.9368004051846
85,21525,21525,LIFE APEX,Real Sample,LIFE APEX 35 Otter liver from Zevenhuizen,"Mon, 01/01/2018 - 22:00","Mon, 11/27/2017 - 22:00",LC-Bruker maXis QTOF: Submission #11,Zevenhuizen-Moerkapelle,Netherlands,52.026211,4.558007,1,Dry weight,Otter,,,Zevenhuizen,,River,,Zevenhuizen,,Other (22510),Liver,,,Netherlands,158.86461149247182,-363.52269026428627
86,19054,19054,LIFE APEX,Real Sample,"LIFE APEX 194 Buzzard liver pooled from Presov, Kosice, Trebisov, Humenne","Mon, 01/01/2018 - 22:00","Mon, 11/27/2017 - 22:00",LC-Bruker maXis QTOF: Submission #11,Presov,Slovakia,48.975857,21.195856,1,Wet weight,Buzzard,,,,1.0,Terrestrial environment,,,,Bird (22511),Liver,72.07331331,,Slovakia,1874.5536550135218,391.81120275117655
87,19104,19104,LIFE APEX,Real Sample,LIFE APEX 150 Eurasian Otter liver pooled from Jutland,"Thu, 01/01/2015 - 22:00","Thu, 11/27/2014 - 22:00",LC-Bruker maXis QTOF: Submission #11,Copenhagen,Denmark,55.606169,12.431239,1,Wet weight,Eurasian Otter,,,,2.0,Terrestrial environment,,,,Other (22510),Liver,71.52235932,,Denmark,403.0186340098277,344.37415014102595
88,20003,20003,LIFE APEX,Real Sample,LIFE APEX 70 Bream muscle from Rhine Bimmen (2000),"Sat, 01/01/2000 - 22:00","Sat, 11/27/1999 - 22:00",LC-Bruker maXis QTOF: Submission #11,Bimmen,Germany,51.86051,6.071775,1,Wet weight,"Bream, Abramis brama",,,Rhine River,,River,,Rhine River Basin,,Fish (22486),Muscle,80.0,,Germany,-1945.0791269012243,70.04926967671805
89,19080,19080,LIFE APEX,Real Sample,"LIFE APEX 181 Buzzard liver pooled from Andros, Crete","Fri, 01/01/2016 - 22:00","Fri, 11/27/2015 - 22:00",LC-Bruker maXis QTOF: Submission #11,Heraklion,Greece,35.225485,25.138778,1,Wet weight,Buzzard,,,,1.0,Terrestrial environment,,,,Bird (22511),Liver,75.63140866,,Greece,1606.7734490707408,590.8646768705706
90,19997,19997,LIFE APEX,Real Sample,LIFE APEX 73 Bream muscle from Rhine Bimmen (2006),"Sun, 01/01/2006 - 22:00","Sun, 11/27/2005 - 22:00",LC-Bruker maXis QTOF: Submission #11,Bimmen,Germany,51.86051,6.071775,1,Wet weight,"Bream, Abramis brama",,,Rhine River,,River,,Rhine River Basin,,Fish (22486),Muscle,79.0,,Germany,-1878.1401943155183,44.85814622614038
91,19106,19106,LIFE APEX,Real Sample,LIFE APEX 149 Eurasian Otter liver pooled from Jutland,"Fri, 01/01/2016 - 22:00","Fri, 11/27/2015 - 22:00",LC-Bruker maXis QTOF: Submission #11,Copenhagen,Denmark,55.60806,12.502279,1,Wet weight,Eurasian Otter,,,,2.0,Terrestrial environment,,,,Other (22510),Liver,70.89108329,,Denmark,1251.1157135103497,623.0677199313872
92,19122,19122,LIFE APEX,Real Sample,LIFE APEX 141 Eurasian Otter liver pooled from Marseille,"Wed, 01/01/2014 - 22:00","Wed, 11/27/2013 - 22:00",LC-Bruker maXis QTOF: Submission #11,Marseille,France,43.21771,5.321604,1,Wet weight,Eurasian Otter,,,,1.0,Terrestrial environment,,,,Other (22510),Liver,71.73679779,,France,933.6993987266012,515.2827276895914
93,19893,19893,LIFE APEX,Real Sample,LIFE APEX 122 Otter liver from England and Wales (2009),"Thu, 01/01/2009 - 22:00","Thu, 11/27/2008 - 22:00",LC-Bruker maXis QTOF: Submission #11,London,UK,51.57467,-1.067028,0,Wet weight,"Eurasian Otter, Lutra lutra",,,UK,,River,,,,Other (22510),Liver,67.0,,Canada,117.29908702989262,-964.6906507993242
94,19957,19957,LIFE APEX,Real Sample,LIFE APEX 92 Harbour Seal liver from North Sea (2012),"Sun, 01/01/2012 - 22:00","Sun, 11/27/2011 - 22:00",LC-Bruker maXis QTOF: Submission #11,Cuxhaven,Germany,54.082933,8.48307,1,Wet weight,"Harbour Seal, Phoca vitulina",,,North Sea,,Coastal region,,North Sea Basin,,Other (22510),Liver,73.0,,Germany,-631.5189525481422,-832.6329151263313
95,19907,19907,LIFE APEX,Real Sample,LIFE APEX 116 Buzzard liver from England (2017),"Sun, 01/01/2017 - 22:00","Sun, 11/27/2016 - 22:00",LC-Bruker maXis QTOF: Submission #11,London,UK,51.329021,0.379717,0,Wet weight,"Buzzard, Buteo buteo",,,UK,,Terrestrial environment,,,,Other (22510),Liver,74.68418549,,Canada,958.6961158729748,-538.3738824090121
96,19068,19068,LIFE APEX,Real Sample,LIFE APEX 187 Buzzard liver pooled from Northern Sardinia,"Sun, 02/02/2020 - 22:00","Sun, 12/29/2019 - 22:00",LC-Bruker maXis QTOF: Submission #11,Cagliari,Italy,39.421881,9.329993,1,Wet weight,Buzzard,,,,3.0,Terrestrial environment,,,,Bird (22511),Liver,73.57061438,,Italy,1974.209390182211,445.68826460473775
97,21567,21567,LIFE APEX,Real Sample,LIFE APEX 13 Buzzard liver from East Anglia,"Sun, 01/01/2017 - 22:00","Sun, 11/27/2016 - 22:00",LC-Bruker maXis QTOF: Submission #11,Norwich,UK,52.631445,1.302006,1,Dry weight,Buzzard,,,East Anglia,,Terrestrial environment,,East Anglia,,Other (22510),Liver,,,UK,928.9102578129329,-627.067319988572
98,19166,19166,LIFE APEX,Real Sample,LIFE APEX 155 Harbour Porpoise liver pooled from Varangerfjorden,"Sun, 01/01/2017 - 22:00","Sun, 11/27/2016 - 22:00",LC-Bruker maXis QTOF: Submission #11,Varangerfjorden,Norway,70.08034,28.898893,1,Wet weight,Harbour Porpoise,,,,1.0,Marine environment,,,,Fish (22486),Liver,70.53119999,,Norway,-1060.3068813646494,151.15480875259703
99,19873,19873,LIFE APEX,Real Sample,LIFE APEX 132 Otter liver from England and Wales (2008),"Tue, 01/01/2008 - 22:00","Tue, 11/27/2007 - 22:00",LC-Bruker maXis QTOF: Submission #11,London,UK,51.57467,-1.067028,0,Wet weight,"Eurasian Otter, Lutra lutra",,,UK,,River,,,,Other (22510),Liver,67.2673737,,Canada,-22.903510631219817,-813.6675283987563
100,19915,19915,LIFE APEX,Real Sample,LIFE APEX 112 Buzzard liver from England (2018),"Mon, 01/01/2018 - 22:00","Mon, 11/27/2017 - 22:00",LC-Bruker maXis QTOF: Submission #11,London,UK,51.329021,0.379717,0,Wet weight,"Buzzard, Buteo buteo",,,UK,,Terrestrial environment,,,,Other (22510),Liver,72.98142928,,Canada,-321.007157495991,-668.7260249830481
101,21563,21563,LIFE APEX,Real Sample,LIFE APEX 15 Buzzard liver from South Wales-Somerset-Hertfordshire,"Sun, 01/01/2017 - 22:00","Sun, 11/27/2016 - 22:00",LC-Bruker maXis QTOF: Submission #11,Oxford,UK,51.76,-1.26,1,Dry weight,Buzzard,,,South Wales-Somerset-Hertfordshire,,Terrestrial environment,,South Wales-Somerset-Hertfordshire,,Other (22510),Liver,,,UK,758.2096167312212,-687.8557052728829
102,19981,19981,LIFE APEX,Real Sample,LIFE APEX 80 Harbour Seal liver from North Sea (2000),"Sat, 01/01/2000 - 22:00","Sat, 11/27/1999 - 22:00",LC-Bruker maXis QTOF: Submission #11,Cuxhaven,Germany,54.082933,8.48307,1,Wet weight,"Harbour Seal, Phoca vitulina",,,North Sea,,Coastal region,,North Sea Basin,,Other (22510),Liver,70.0,,Germany,235.14903859940313,-763.4176365921691
103,21481,21481,LIFE APEX,Real Sample,LIFE APEX 57 Harbour Seal liver from Baltic Proper,"Fri, 01/01/2016 - 22:00","Fri, 11/27/2015 - 22:00",LC-Bruker maXis QTOF: Submission #11,Kalmar,Sweden,56.538313,17.286339,1,Dry weight,Otter Seal,,,Baltic Sea,,Coastal region,,Baltic Sea,,Other (22510),Liver,,,Sweden,-689.2234157168134,-367.0549017054229
104,19925,19925,LIFE APEX,Real Sample,LIFE APEX 107 Buzzard liver from England (2013),"Tue, 01/01/2013 - 22:00","Tue, 11/27/2012 - 22:00",LC-Bruker maXis QTOF: Submission #11,London,UK,51.329021,0.379717,0,Wet weight,"Buzzard, Buteo buteo",,,UK,,Terrestrial environment,,,,Other (22510),Liver,71.55548958,,Canada,992.962098821671,-983.5961881527396
105,19937,19937,LIFE APEX,Real Sample,"LIFE APEX 101 Buzzard liver from England (2005, 2006)","Sun, 01/01/2006 - 22:00","Sun, 11/27/2005 - 22:00",LC-Bruker maXis QTOF: Submission #11,London,UK,51.329021,0.379717,0,Wet weight,"Buzzard, Buteo buteo",,,UK,,Terrestrial environment,,,,Other (22510),Liver,70.65305017,,Canada,138.9670961790428,-840.3531141387389
106,21457,21457,LIFE APEX,Real Sample,LIFE APEX 67 Otter liver from Hohn,"Fri, 01/01/2016 - 22:00","Fri, 11/27/2015 - 22:00",LC-Bruker maXis QTOF: Submission #11,Rendsburg,Germany,54.30341,9.478417,1,Dry weight,Otter,,,Hohner Lake,,River,,Hohner Lake,,Other (22510),Liver,,,Germany,-462.25707095296536,-55.23897641356379
107,19112,19112,LIFE APEX,Real Sample,LIFE APEX 146 Eurasian Otter liver pooled from Midlands England,"Sun, 01/01/2017 - 22:00","Sun, 11/27/2016 - 22:00",LC-Bruker maXis QTOF: Submission #11,Birmingham,UK,52.479417,-1.933885,1,Wet weight,Eurasian Otter,,,,3.0,Terrestrial environment,,,,Other (22510),Liver,68.16586162,,UK,1113.4632259369118,374.430208060531
108,21483,21483,LIFE APEX,Real Sample,LIFE APEX 56 Harbour Seal liver from Oresund,"Thu, 01/01/2015 - 22:00","Thu, 11/27/2014 - 22:00",LC-Bruker maXis QTOF: Submission #11,Malmo,Sweden,55.653598,12.900543,1,Dry weight,Otter Seal,,,Oresund,,Coastal region,,Oresund,,Other (22510),Liver,,,Sweden,-619.1589191821306,-219.086738900608
109,19128,19128,LIFE APEX,Real Sample,"LIFE APEX 179 Harbour Seal liver pooled from Belgium, France","Sun, 01/01/2017 - 22:00","Sun, 11/27/2016 - 22:00",LC-Bruker maXis QTOF: Submission #11,Antwerp,Belgium,51.481579,3.498073,1,Wet weight,Harbour Seal,,,,1.0,Marine environment,,,,Other (22510),Liver,70.34679809,,Belgium,-1174.3411156988673,-595.8444014618356
110,19086,19086,LIFE APEX,Real Sample,LIFE APEX 176 Eurasian Otter liver pooled from Jonkopings lan,"Fri, 01/01/2016 - 22:00","Fri, 11/27/2015 - 22:00",LC-Bruker maXis QTOF: Submission #11,Jonkoping,Sweden,57.78885,14.152215,1,Wet weight,Eurasian Otter,,,,4.0,Terrestrial environment,,,,Other (22510),Liver,69.91941118,,Sweden,-111.04888267807874,2942.1845316176236
111,21541,21541,LIFE APEX,Real Sample,LIFE APEX 26 Harbour Porpoise liver from UK 01,"Sun, 01/01/2017 - 22:00","Sun, 11/27/2016 - 22:00",LC-Bruker maXis QTOF: Submission #11,Kingston upon Hull,UK,54.474762,0.765404,1,Dry weight,Harbour Porpoise,,,Marine water of UK,,Marine environment,,Marine water of UK,,Fish (22486),Liver,,,UK,-791.7981163070707,1012.7270855043495
112,19056,19056,LIFE APEX,Real Sample,"LIFE APEX 193 Buzzard liver pooled from Santa Maria da Feira, Gondomar, Braga","Sun, 02/02/2020 - 22:00","Sun, 12/29/2019 - 22:00",LC-Bruker maXis QTOF: Submission #11,Porto,Portugal,41.077999,-8.436219,1,Wet weight,Buzzard,,,,1.0,Terrestrial environment,,,,Bird (22511),Liver,76.42775344,,Portugal,1961.0854036331602,886.8516289855744
113,19150,19150,LIFE APEX,Real Sample,LIFE APEX 166 Bottlenose dolphin liver pooled from Western Isles,"Sun, 02/02/2020 - 22:00","Sun, 12/29/2019 - 22:00",LC-Bruker maXis QTOF: Submission #11,Leverburgh,UK,57.763929,-7.020016,1,Wet weight,Bottlenose dolphin,,,,8.0,Marine environment,,,,Fish (22486),Liver,70.00701805,,UK,-295.2481147548121,905.9856448397148
114,21547,21547,LIFE APEX,Real Sample,LIFE APEX 23 Otter liver from South Wales-Somerset-Hertfordshire,"Fri, 01/01/2016 - 22:00","Fri, 11/27/2015 - 22:00",LC-Bruker maXis QTOF: Submission #11,Bath,UK,51.334841,-2.616951,1,Dry weight,Otter,,,South Wales-Somerset-Hertfordshire,,Coastal region,,South Wales-Somerset-Hertfordshire,,Other (22510),Liver,,,UK,-304.22145838677284,-365.598592835355
115,21589,21589,LIFE APEX,Real Sample,LIFE APEX 03 Bream muscle from Rhine Bimmen,"Thu, 01/01/2015 - 22:00","Thu, 11/27/2014 - 22:00",LC-Bruker maXis QTOF: Submission #11,Emmerich,Germany,51.85,6.24,1,Dry weight,Bream,,,Rhine river basin,,River,,Rhine river basin,,Fish (22486),Muscle,,,Germany,-1682.4420629626852,725.5313820025377
116,21545,21545,LIFE APEX,Real Sample,LIFE APEX 24 Otter liver from East Anglia,"Fri, 01/01/2016 - 22:00","Fri, 11/27/2015 - 22:00",LC-Bruker maXis QTOF: Submission #11,Norwich,UK,52.604666,1.390054,1,Dry weight,Otter,,,East Anglia,,River,,East Anglia,,Other (22510),Liver,,,UK,178.88731463651985,-359.60831784171876
117,19965,19965,LIFE APEX,Real Sample,LIFE APEX 88 Harbour Seal liver from North Sea (2008),"Tue, 01/01/2008 - 22:00","Tue, 11/27/2007 - 22:00",LC-Bruker maXis QTOF: Submission #11,Cuxhaven,Germany,54.082933,8.48307,1,Wet weight,"Harbour Seal, Phoca vitulina",,,North Sea,,Coastal region,,North Sea Basin,,Other (22510),Liver,69.0,,Germany,-887.5393757531099,-606.2310414368093
118,19066,19066,LIFE APEX,Real Sample,LIFE APEX 188 Buzzard liver pooled from Central Sardinia,"Sun, 02/02/2020 - 22:00","Sun, 12/29/2019 - 22:00",LC-Bruker maXis QTOF: Submission #11,Cagliari,Italy,39.413875,8.673894,1,Wet weight,Buzzard,,,,4.0,Terrestrial environment,,,,Bird (22511),Liver,73.18821329,,Italy,2177.5421572336795,380.7022620957344
119,19148,19148,LIFE APEX,Real Sample,LIFE APEX 167 Harbour Porpoise liver pooled from Odessa,"Sun, 02/02/2020 - 22:00","Sun, 12/29/2019 - 22:00",LC-Bruker maXis QTOF: Submission #11,Odesa,Norway,46.469803,30.767571,1,Wet weight,Harbour Porpoise,,,,1.0,Marine environment,,,,Fish (22486),Liver,72.94176098,,Ukraine,1495.887780593133,1417.8593845564487
120,21497,21497,LIFE APEX,Real Sample,LIFE APEX 49 Otter liver from Vastmanland-Orebro,"Mon, 01/01/2018 - 22:00","Mon, 11/27/2017 - 22:00",LC-Bruker maXis QTOF: Submission #11,Orebro,Sweden,59.430855,15.385376,1,Dry weight,Otter,,,Vastmanland-Orebro,,River,,Vastmanland-Orebro,,Other (22510),Liver,,,Sweden,-383.40278979026516,-351.8829178510028
121,21479,21479,LIFE APEX,Real Sample,LIFE APEX 58 Grey Seal liver from Baltic Proper,"Sun, 01/01/2017 - 22:00","Sun, 11/27/2016 - 22:00",LC-Bruker maXis QTOF: Submission #11,Kalmar,Sweden,55.961274,16.058707,1,Dry weight,Grey Seal,,,Baltic Sea,,Coastal region,,Baltic Sea,,Other (22510),Liver,,,Sweden,-926.113472753548,-60.194017211911955
122,19869,19869,LIFE APEX,Real Sample,LIFE APEX 134 Otter liver from England and Wales (2015),"Thu, 01/01/2015 - 22:00","Thu, 11/27/2014 - 22:00",LC-Bruker maXis QTOF: Submission #11,London,UK,51.57467,-1.067028,0,Wet weight,"Eurasian Otter, Lutra lutra",,,UK,,River,,,,Other (22510),Liver,67.32055329,,Canada,305.6658123659529,-1004.5760149236368
123,21581,21581,LIFE APEX,Real Sample,LIFE APEX 07 Herring gull eggs from North Sea Trischen,"Thu, 01/01/2015 - 22:00","Thu, 11/27/2014 - 22:00",LC-Bruker maXis QTOF: Submission #11,Cuxhaven,Germany,53.87,8.69,1,Dry weight,Herring gull,,,North sea,,River,,North sea,,Other (22510),Other,,,Germany,-1414.4476446932072,1062.8851614349148
124,19048,19048,LIFE APEX,Real Sample,LIFE APEX 197 Buzzard liver pooled from Cluj-Napoca,"Tue, 01/01/2019 - 22:00","Tue, 11/27/2018 - 22:00",LC-Bruker maXis QTOF: Submission #11,Cluj-Napoca,Romania,46.733445,23.664026,1,Wet weight,Buzzard,,,,1.0,Terrestrial environment,,,,Bird (22511),Liver,72.0,,Romania,1656.9297661321473,138.75949740393304
125,19120,19120,LIFE APEX,Real Sample,LIFE APEX 142 Eurasian Otter liver pooled from Eastern Austria,"Fri, 01/01/2016 - 22:00","Fri, 11/27/2015 - 22:00",LC-Bruker maXis QTOF: Submission #11,Innsbruck,Austria,47.264397,11.323576,1,Wet weight,Eurasian Otter,,,,1.0,Terrestrial environment,,,,Other (22510),Liver,68.45807939,,Austria,-960.5038801451692,-475.2512555861665
126,21539,21539,LIFE APEX,Real Sample,LIFE APEX 27 Harbour Porpoise liver from UK 02,"Sun, 01/01/2017 - 22:00","Sun, 11/27/2016 - 22:00",LC-Bruker maXis QTOF: Submission #11,Kingston upon Hull,UK,53.248961,0.58746,1,Dry weight,Harbour Porpoise,,,Marine water of UK,,Marine environment,,Marine water of UK,,Fish (22486),Liver,,,UK,-529.9347323290193,853.2838025645439
127,19160,19160,LIFE APEX,Real Sample,LIFE APEX 161 Striped dolphin liver pooled from Bay of Biscay,"Sun, 01/01/2017 - 22:00","Sun, 11/27/2016 - 22:00",LC-Bruker maXis QTOF: Submission #11,Bilbao,Spain,43.379766,-3.020877,1,Wet weight,Striped dolphin,,,,1.0,Marine environment,,,,Fish (22486),Liver,74.44633562,,Spain,-1878.5860973986246,-33.38893848314133
128,19935,19935,LIFE APEX,Real Sample,LIFE APEX 102 Buzzard liver from England (2008),"Tue, 01/01/2008 - 22:00","Tue, 11/27/2007 - 22:00",LC-Bruker maXis QTOF: Submission #11,London,UK,51.329021,0.379717,0,Wet weight,"Buzzard, Buteo buteo",,,UK,,Terrestrial environment,,,,Other (22510),Liver,70.31883539,,Canada,888.7540843892571,-937.3150712778423
129,21503,21503,LIFE APEX,Real Sample,LIFE APEX 46 Herring muscle from Angskarsklubb,"Mon, 01/01/2018 - 22:00","Mon, 11/27/2017 - 22:00",LC-Bruker maXis QTOF: Submission #11,Norrtalje,Sweden,59.767709,18.805003,1,Dry weight,Herring,,,Angskarsklubb,,Coastal region,,Angskarsklubb,,Other (22510),Muscle,,,Sweden,-813.6680515167523,613.466794003667
130,21495,21495,LIFE APEX,Real Sample,LIFE APEX 50 Otter liver from Uppland,"Mon, 01/01/2018 - 22:00","Mon, 11/27/2017 - 22:00",LC-Bruker maXis QTOF: Submission #11,Stockholm,Sweden,59.319383,18.109282,1,Dry weight,Otter,,,Uppland,,River,,Uppland,,Other (22510),Liver,,,Sweden,-32.779400678902306,-177.91999131040686
131,21465,21465,LIFE APEX,Real Sample,LIFE APEX 63 Otter liver from Germany 01,"Mon, 01/01/2018 - 22:00","Mon, 11/27/2017 - 22:00",LC-Bruker maXis QTOF: Submission #11,Cuxhaven,Germany,53.985303,7.913999,1,Dry weight,Otter,,,North Sea,,Coastal region,,North Sea,,Other (22510),Liver,,,Germany,-421.450818164107,-92.92000250786644
132,19951,19951,LIFE APEX,Real Sample,LIFE APEX 95 Harbour Seal liver from North Sea (2015),"Thu, 01/01/2015 - 22:00","Thu, 11/27/2014 - 22:00",LC-Bruker maXis QTOF: Submission #11,Cuxhaven,Germany,54.082933,8.48307,1,Wet weight,"Harbour Seal, Phoca vitulina",,,North Sea,,Coastal region,,North Sea Basin,,Other (22510),Liver,71.0,,Germany,-235.6879696605962,-816.6107596954286
133,21531,21531,LIFE APEX,Real Sample,LIFE APEX 31 Buzzard liver from Friesland,"Fri, 01/01/2016 - 22:00","Fri, 11/27/2015 - 22:00",LC-Bruker maXis QTOF: Submission #11,Leeuwarden,Netherlands,53.263884,6.097295,1,Dry weight,Buzzard,,,Friesland (NL),,Marine environment,,Friesland (NL),,Other (22510),Liver,,,Netherlands,591.3144847388713,-120.0318416540558
134,19961,19961,LIFE APEX,Real Sample,LIFE APEX 90 Harbour Seal liver from North Sea (2010),"Fri, 01/01/2010 - 22:00","Fri, 11/27/2009 - 22:00",LC-Bruker maXis QTOF: Submission #11,Cuxhaven,Germany,54.082933,8.48307,1,Wet weight,"Harbour Seal, Phoca vitulina",,,North Sea,,Coastal region,,North Sea Basin,,Other (22510),Liver,73.0,,Germany,-874.8620270287969,-156.89153959110243
135,21535,21535,LIFE APEX,Real Sample,LIFE APEX 29 Harbour Porpoise liver from UK 04,"Sun, 01/01/2017 - 22:00","Sun, 11/27/2016 - 22:00",LC-Bruker maXis QTOF: Submission #11,Aberdeen,UK,57.196258,-1.669999,1,Dry weight,Harbour Porpoise,,,Marine water of UK,,Marine environment,,Marine water of UK,,Fish (22486),Liver,,,UK,-159.66811354647524,347.4204841518764
136,19975,19975,LIFE APEX,Real Sample,LIFE APEX 83 Harbour Seal liver from North Sea (2003),"Wed, 01/01/2003 - 22:00","Wed, 11/27/2002 - 22:00",LC-Bruker maXis QTOF: Submission #11,Cuxhaven,Germany,54.082933,8.48307,1,Wet weight,"Harbour Seal, Phoca vitulina",,,North Sea,,Coastal region,,North Sea Basin,,Other (22510),Liver,72.0,,Germany,-4.342202472523327,-920.7831554389369
137,19052,19052,LIFE APEX,Real Sample,"LIFE APEX 195 Buzzard liver pooled from Coimbra, Viseu","Sun, 02/02/2020 - 22:00","Sun, 12/29/2019 - 22:00",LC-Bruker maXis QTOF: Submission #11,Coimbra,Portugal,40.224815,-8.319192,1,Wet weight,Buzzard,,,,2.0,Terrestrial environment,,,,Bird (22511),Liver,72.0,,Portugal,1305.900479118925,322.1779507047339
138,21463,21463,LIFE APEX,Real Sample,LIFE APEX 64 Otter liver from Plon,"Sun, 01/01/2017 - 22:00","Sun, 11/27/2016 - 22:00",LC-Bruker maXis QTOF: Submission #11,Ascheberg,Germany,54.153311,10.42232,1,Dry weight,Otter,,,Ploner Lake,,River,,Ploner Lake,,Other (22510),Liver,,,Germany,-173.36018431298572,885.0400103383944
139,21467,21467,LIFE APEX,Real Sample,LIFE APEX 62 Harbour Seal liver from Grothusenkoog,"Thu, 01/01/2015 - 22:00","Thu, 11/27/2014 - 22:00",LC-Bruker maXis QTOF: Submission #11,Heide,Germany,54.292287,8.752707,1,Dry weight,Harbour Seal,,,North Sea,,Coastal region,,North Sea,,Other (22510),Liver,,,Germany,-616.5371052846688,111.77305444019416
140,19146,19146,LIFE APEX,Real Sample,LIFE APEX 168 Ringed Seal liver pooled from Olav V Land,"Sun, 02/02/2020 - 22:00","Sun, 12/29/2019 - 22:00",LC-Bruker maXis QTOF: Submission #11,Longyearbyen,Norway,78.236198,15.563032,1,Wet weight,Ringed Seal,,,,2.0,Marine environment,,,,Fish (22486),Liver,69.2612674,,Norway,-498.2093564888185,521.4977043677027
141,21555,21555,LIFE APEX,Real Sample,LIFE APEX 19 Roach muscle from River Thames (Standford-Abington),"Sun, 01/01/2017 - 22:00","Sun, 11/27/2016 - 22:00",LC-Bruker maXis QTOF: Submission #11,Northampton,UK,52.233289,-0.858002,1,Dry weight,Roach,,,Thames River Basin,,River,,Thames River Basin,,Fish (22486),Muscle,,,UK,-1531.8655575285215,1087.7889692802626
142,21517,21517,LIFE APEX,Real Sample,LIFE APEX 39 Harbour Seal liver from Noord-Holland,"Mon, 01/01/2018 - 22:00","Mon, 11/27/2017 - 22:00",LC-Bruker maXis QTOF: Submission #11,Amsterdam,Netherlands,52.399878,5.075807,1,Dry weight,Harbour Seal,,,Noord-Holland,,Coastal region,,Noord-Holland,,Other (22510),Liver,,,Netherlands,128.46255026310638,971.4767390608143
143,19889,19889,LIFE APEX,Real Sample,LIFE APEX 124 Otter liver from England and Wales (2011),"Sat, 01/01/2011 - 22:00","Sat, 11/27/2010 - 22:00",LC-Bruker maXis QTOF: Submission #11,London,UK,51.57467,-1.067028,0,Wet weight,"Eurasian Otter, Lutra lutra",,,UK,,River,,,,Other (22510),Liver,68.0,,Canada,273.3774866485404,-925.3083053109394
144,19078,19078,LIFE APEX,Real Sample,LIFE APEX 182 Buzzard liver pooled from Crete,"Tue, 01/01/2019 - 22:00","Tue, 11/27/2018 - 22:00",LC-Bruker maXis QTOF: Submission #11,Heraklion,Greece,35.192863,25.22803,1,Wet weight,Buzzard,,,,2.0,Terrestrial environment,,,,Bird (22511),Liver,75.08587954,,Greece,1784.2551863848494,200.06229972472536
145,19140,19140,LIFE APEX,Real Sample,LIFE APEX 171 Short-beaked common dolphin liver pooled from Galicia,"Fri, 01/01/2016 - 22:00","Fri, 11/27/2015 - 22:00",LC-Bruker maXis QTOF: Submission #11,Santiago de Compostela,Spain,42.779569,-8.93292,1,Wet weight,Short-beaked common dolphin,,,,2.0,Marine environment,,,,Fish (22486),Liver,72.85091218,,Spain,57.92122842589988,934.5806887453315
146,21559,21559,LIFE APEX,Real Sample,LIFE APEX 17 Roach muscle from River Lea (Wheathampstead),"Fri, 01/01/2016 - 22:00","Fri, 11/27/2015 - 22:00",LC-Bruker maXis QTOF: Submission #11,Luton,UK,51.813566,-0.292979,1,Dry weight,Roach,,,Lea River Basin,,River,,Lea River Basin,,Fish (22486),Muscle,,,UK,-1580.35929779368,911.7034613629246
147,19090,19090,LIFE APEX,Real Sample,LIFE APEX 159 Eurasian Otter liver pooled from Western Hungary,"Fri, 01/01/2016 - 22:00","Fri, 11/27/2015 - 22:00",LC-Bruker maXis QTOF: Submission #11,Zalaegerszeg,Hungary,46.864745,16.862463,1,Wet weight,Eurasian Otter,,,,3.0,Terrestrial environment,,,,Other (22510),Liver,71.52992421,,Hungary,678.3042381885637,810.2977334701345
148,19931,19931,LIFE APEX,Real Sample,LIFE APEX 104 Buzzard liver from England (2010),"Fri, 01/01/2010 - 22:00","Fri, 11/27/2009 - 22:00",LC-Bruker maXis QTOF: Submission #11,London,UK,51.329021,0.379717,0,Wet weight,"Buzzard, Buteo buteo",,,UK,,Terrestrial environment,,,,Other (22510),Liver,70.0953795,,Canada,1032.9067970851456,-1084.8479679467907
149,19170,19170,LIFE APEX,Real Sample,LIFE APEX 138 Grey Seal liver pooled from Baltic Sea,"Thu, 01/01/2015 - 22:00","Thu, 11/27/2014 - 22:00",LC-Bruker maXis QTOF: Submission #11,Husum,Germany,54.474786,9.007344,1,Wet weight,Grey Seal,,,,1.0,Marine environment,,,,Other (22510),Liver,74.57685002,,Germany,-1237.9468824547484,-85.32554047573312
150,21529,21529,LIFE APEX,Real Sample,LIFE APEX 32 Buzzard liver from Friesland,"Mon, 01/01/2018 - 22:00","Mon, 11/27/2017 - 22:00",LC-Bruker maXis QTOF: Submission #11,Leeuwarden,Netherlands,53.006056,5.567012,1,Dry weight,Buzzard,,,Friesland (NL),,Marine environment,,Friesland (NL),,Other (22510),Liver,,,Netherlands,565.9686517586345,-211.57698605596036
151,19070,19070,LIFE APEX,Real Sample,LIFE APEX 186 Buzzard liver pooled from Madrid,"Sun, 02/02/2020 - 22:00","Sun, 12/29/2019 - 22:00",LC-Bruker maXis QTOF: Submission #11,Madrid,Spain,40.707833,-3.853027,1,Wet weight,Buzzard,,,,3.0,Terrestrial environment,,,,Bird (22511),Liver,72.30854819,,Spain,2076.66973627498,689.8698831543261
152,19094,19094,LIFE APEX,Real Sample,LIFE APEX 157 Eurasian Otter liver pooled from North-Eastern Hungary,"Sun, 01/01/2017 - 22:00","Sun, 11/27/2016 - 22:00",LC-Bruker maXis QTOF: Submission #11,Miskolc,Hungary,47.99092,20.876591,1,Wet weight,Eurasian Otter,,,,1.0,Terrestrial environment,,,,Other (22510),Liver,70.79743574,,Hungary,75.89598908383815,167.94120707636947
153,19130,19130,LIFE APEX,Real Sample,"LIFE APEX 178 Harbour Porpoise liver pooled from Belgium, France","Thu, 01/01/2015 - 22:00","Thu, 11/27/2014 - 22:00",LC-Bruker maXis QTOF: Submission #11,Antwerp,Belgium,51.414713,3.479625,1,Wet weight,Harbour Porpoise,,,,1.0,Marine environment,,,,Fish (22486),Liver,72.94562321,,Belgium,342.29457452818906,639.8770740851908
154,19995,19995,LIFE APEX,Real Sample,LIFE APEX 74 Bream muscle from Rhine Bimmen (2008),"Tue, 01/01/2008 - 22:00","Tue, 11/27/2007 - 22:00",LC-Bruker maXis QTOF: Submission #11,Bimmen,Germany,51.86051,6.071775,1,Wet weight,"Bream, Abramis brama",,,Rhine River,,River,,Rhine River Basin,,Fish (22486),Muscle,78.0,,Germany,-1907.5079958616843,181.7167480415279
155,21493,21493,LIFE APEX,Real Sample,LIFE APEX 51 Otter liver from Skane,"Mon, 01/01/2018 - 22:00","Mon, 11/27/2017 - 22:00",LC-Bruker maXis QTOF: Submission #11,Malmo,Sweden,55.6989,13.034828,1,Dry weight,Otter,,,Skane,,River,,Skane,,Other (22510),Liver,,,Sweden,-444.2111469026247,-295.47817358865166
156,19923,19923,LIFE APEX,Real Sample,LIFE APEX 108 Buzzard liver from England (2014),"Wed, 01/01/2014 - 22:00","Wed, 11/27/2013 - 22:00",LC-Bruker maXis QTOF: Submission #11,London,UK,51.329021,0.379717,0,Wet weight,"Buzzard, Buteo buteo",,,UK,,Terrestrial environment,,,,Other (22510),Liver,71.57467406,,Canada,947.1273621343596,-676.2715768319065
157,19152,19152,LIFE APEX,Real Sample,LIFE APEX 165 Harbour Porpoise liver pooled from east and north and west Scotland,"Mon, 01/01/2018 - 22:00","Mon, 11/27/2017 - 22:00",LC-Bruker maXis QTOF: Submission #11,Glasgow,UK,55.927337,-4.486307,1,Wet weight,Harbour Porpoise,,,,7.0,Marine environment,,,,Fish (22486),Liver,69.26636388,,UK,895.2251919586411,1281.7738197164192
158,21551,21551,LIFE APEX,Real Sample,LIFE APEX 21 Otter liver from Solent and South Downs,"Fri, 01/01/2016 - 22:00","Fri, 11/27/2015 - 22:00",LC-Bruker maXis QTOF: Submission #11,Portsmouth,UK,50.829329,-1.120705,1,Dry weight,Otter,,,Solent and South Downs,,Coastal region,,Solent and South Downs,,Other (22510),Liver,,,UK,899.3126958359455,-18.25282014578363
159,21591,21591,LIFE APEX,Real Sample,LIFE APEX 02 Bream muscle from Elbe,"Thu, 01/01/2015 - 22:00","Thu, 11/27/2014 - 22:00",LC-Bruker maXis QTOF: Submission #11,Wittenberge,Germany,53.01,11.75,1,Dry weight,Bream,,,Elbe river basin,,Coastal region,,Elbe river basin,,Fish (22486),Muscle,,,Germany,-1627.0062822610134,761.0364797740685
160,19124,19124,LIFE APEX,Real Sample,"LIFE APEX 139 Eurasian Otter liver pooled from Basilicata, Abruzzo region","Wed, 01/01/2014 - 22:00","Wed, 11/27/2013 - 22:00",LC-Bruker maXis QTOF: Submission #11,Pescara,Italy,42.436459,14.270927,1,Wet weight,Eurasian Otter,,,,1.0,Terrestrial environment,,,,Other (22510),Liver,70.56015773,,Italy,1104.5847064936243,318.76318111316624
161,19058,19058,LIFE APEX,Real Sample,LIFE APEX 192 Buzzard liver pooled from Sint-Truiden,"Tue, 02/02/2021 - 22:00","Tue, 12/29/2020 - 22:00",LC-Bruker maXis QTOF: Submission #11,Sint-Truiden,Belgium,50.871641,5.215332,1,Wet weight,Buzzard,,,,2.0,Terrestrial environment,,,,Bird (22511),Liver,74.89249187,,Belgium,1633.1895791866257,156.60763703561918
162,21561,21561,LIFE APEX,Real Sample,LIFE APEX 16 Roach muscle from River Thames (Shepperton-Sunbury),"Fri, 01/01/2016 - 22:00","Fri, 11/27/2015 - 22:00",LC-Bruker maXis QTOF: Submission #11,London,UK,51.386399,-0.451476,1,Dry weight,Roach,,,Thames River Basin,,River,,Thames River Basin,,Fish (22486),Muscle,,,Canada,-1598.5914871145108,975.2501443429876
163,19162,19162,LIFE APEX,Real Sample,LIFE APEX 160 Striped dolphin muscle pooled from Bay of Biscay,"Sun, 01/01/2017 - 22:00","Sun, 11/27/2016 - 22:00",LC-Bruker maXis QTOF: Submission #11,Bilbao,Spain,43.353601,-3.133122,1,Wet weight,Striped dolphin,,,,1.0,Marine environment,,,,Fish (22486),Muscle,71.7277261,,Spain,-960.4413102545645,1006.6347538041588
164,19100,19100,LIFE APEX,Real Sample,LIFE APEX 152 Eurasian Otter liver pooled from Northern Moravia,"Fri, 01/01/2016 - 22:00","Fri, 11/27/2015 - 22:00",LC-Bruker maXis QTOF: Submission #11,Olomouc,Czech Republic,49.548002,17.270283,1,Wet weight,Eurasian Otter,,,,1.0,Terrestrial environment,,,,Other (22510),Liver,68.58435661,,Czech Republic,1449.8360186213338,1657.8977593627737
165,19897,19897,LIFE APEX,Real Sample,LIFE APEX 120 Otter liver from England and Wales (2007),"Mon, 01/01/2007 - 22:00","Mon, 11/27/2006 - 22:00",LC-Bruker maXis QTOF: Submission #11,London,UK,51.57467,-1.067028,0,Wet weight,"Eurasian Otter, Lutra lutra",,,UK,,River,,,,Other (22510),Liver,68.0,,Canada,959.0520081696176,-238.17460014837636
166,19999,19999,LIFE APEX,Real Sample,LIFE APEX 72 Bream muscle from Rhine Bimmen (2004),"Thu, 01/01/2004 - 22:00","Thu, 11/27/2003 - 22:00",LC-Bruker maXis QTOF: Submission #11,Bimmen,Germany,51.86051,6.071775,1,Wet weight,"Bream, Abramis brama",,,Rhine River,,River,,Rhine River Basin,,Fish (22486),Muscle,79.0,,Germany,-2025.294727881759,15.842848853663055
167,21523,21523,LIFE APEX,Real Sample,LIFE APEX 36 Otter liver from Harich,"Mon, 01/01/2018 - 22:00","Mon, 11/27/2017 - 22:00",LC-Bruker maXis QTOF: Submission #11,Sneek,Netherlands,52.937049,5.542928,1,Dry weight,Otter,,,Harich,,River,,Harich,,Other (22510),Liver,,,Netherlands,-31.142033292391517,35.08369471474151
168,19945,19945,LIFE APEX,Real Sample,LIFE APEX 98 Harbour Seal liver from North Sea (2018),"Mon, 01/01/2018 - 22:00","Mon, 11/27/2017 - 22:00",LC-Bruker maXis QTOF: Submission #11,Cuxhaven,Germany,54.082933,8.48307,1,Wet weight,"Harbour Seal, Phoca vitulina",,,North Sea,,Coastal region,,North Sea Basin,,Other (22510),Liver,68.0,,Germany,-92.60293463584341,-569.4367043746018
169,19977,19977,LIFE APEX,Real Sample,LIFE APEX 82 Harbour Seal liver from North Sea (2002),"Tue, 01/01/2002 - 22:00","Tue, 11/27/2001 - 22:00",LC-Bruker maXis QTOF: Submission #11,Cuxhaven,Germany,54.082933,8.48307,1,Wet weight,"Harbour Seal, Phoca vitulina",,,North Sea,,Coastal region,,North Sea Basin,,Other (22510),Liver,67.0,,Germany,0.9539324414365526,-603.2387180987483
170,21553,21553,LIFE APEX,Real Sample,LIFE APEX 20 Roach muscle from River Welland (Stamford Meadows),"Sun, 01/01/2017 - 22:00","Sun, 11/27/2016 - 22:00",LC-Bruker maXis QTOF: Submission #11,Northampton,UK,52.65425,-0.461188,1,Dry weight,Roach,,,Welland River Basin,,River,,Welland River Basin,,Fish (22486),Muscle,,,UK,-1755.000759368188,916.6869172852246
171,19927,19927,LIFE APEX,Real Sample,LIFE APEX 106 Buzzard liver from England (2012),"Sun, 01/01/2012 - 22:00","Sun, 11/27/2011 - 22:00",LC-Bruker maXis QTOF: Submission #11,London,UK,51.329021,0.379717,0,Wet weight,"Buzzard, Buteo buteo",,,UK,,Terrestrial environment,,,,Other (22510),Liver,71.83446945,,Canada,669.4741314391251,-1021.8598704261047
172,19877,19877,LIFE APEX,Real Sample,LIFE APEX 130 Otter liver from England and Wales (2017),"Sun, 01/01/2017 - 22:00","Sun, 11/27/2016 - 22:00",LC-Bruker maXis QTOF: Submission #11,London,UK,51.57467,-1.067028,0,Wet weight,"Eurasian Otter, Lutra lutra",,,UK,,River,,,,Other (22510),Liver,68.67848587,,Canada,11.20958761079526,-841.5888918642441
173,19154,19154,LIFE APEX,Real Sample,LIFE APEX 164 White-beaked dolphin liver pooled from east and north and west Scotland,"Fri, 01/01/2016 - 22:00","Fri, 11/27/2015 - 22:00",LC-Bruker maXis QTOF: Submission #11,Glasgow,UK,55.94813,-4.74281,1,Wet weight,White-beaked dolphin,,,,7.0,Marine environment,,,,Fish (22486),Liver,69.25500797,,UK,798.135251842824,1401.91684464835
174,21521,21521,LIFE APEX,Real Sample,LIFE APEX 37 Otter liver from Augustinusga,"Mon, 01/01/2018 - 22:00","Mon, 11/27/2017 - 22:00",LC-Bruker maXis QTOF: Submission #11,Groningen,Netherlands,53.226344,6.167509,1,Dry weight,Otter,,,Augustinusga,,River,,Augustinusga,,Other (22510),Liver,,,Netherlands,-150.22021170919774,251.23415736499774
175,19064,19064,LIFE APEX,Real Sample,LIFE APEX 189 Buzzard liver pooled from Midle Saxony,"Thu, 01/01/2015 - 22:00","Thu, 11/27/2014 - 22:00",LC-Bruker maXis QTOF: Submission #11,Dresden,Germany,51.100723,13.825774,1,Wet weight,Buzzard,,,,2.0,Terrestrial environment,,,,Bird (22511),Liver,73.03709437,,Germany,2218.6890606054562,420.2876614481756
176,19156,19156,LIFE APEX,Real Sample,LIFE APEX 163 Grey Seal liver pooled from east and north Scotland,"Thu, 01/01/2015 - 22:00","Thu, 11/27/2014 - 22:00",LC-Bruker maXis QTOF: Submission #11,Glasgow,UK,55.935933,-4.564525,1,Wet weight,Grey Seal,,,,6.0,Marine environment,,,,Other (22510),Liver,68.88072709,,UK,-1912.403113593571,-1005.5082149613553
177,19899,19899,LIFE APEX,Real Sample,"LIFE APEX 119 Otter liver from England and Wales (2005, 2006)","Sat, 01/01/2005 - 22:00","Sat, 11/27/2004 - 22:00",LC-Bruker maXis QTOF: Submission #11,London,UK,51.57467,-1.067028,0,Wet weight,"Eurasian Otter, Lutra lutra",,,UK,,River,,,,Other (22510),Liver,62.0,,Canada,704.9873855250913,-711.7709795131648
178,19917,19917,LIFE APEX,Real Sample,LIFE APEX 111 Buzzard liver from England (2017),"Sun, 01/01/2017 - 22:00","Sun, 11/27/2016 - 22:00",LC-Bruker maXis QTOF: Submission #11,London,UK,51.329021,0.379717,0,Wet weight,"Buzzard, Buteo buteo",,,UK,,Terrestrial environment,,,,Other (22510),Liver,72.49956908,,Canada,652.7219136082311,-1042.380133694493
179,19933,19933,LIFE APEX,Real Sample,LIFE APEX 103 Buzzard liver from England (2009),"Thu, 01/01/2009 - 22:00","Thu, 11/27/2008 - 22:00",LC-Bruker maXis QTOF: Submission #11,London,UK,51.329021,0.379717,0,Wet weight,"Buzzard, Buteo buteo",,,UK,,Terrestrial environment,,,,Other (22510),Liver,71.72999687,,Canada,779.9735553580757,-1028.9040944634032
180,21549,21549,LIFE APEX,Real Sample,LIFE APEX 22 Otter liver from North East UK,"Fri, 01/01/2016 - 22:00","Fri, 11/27/2015 - 22:00",LC-Bruker maXis QTOF: Submission #11,Newcastle upon Tyne,UK,55.016114,-1.396547,1,Dry weight,Otter,,,North East UK,,Coastal region,,North East UK,,Other (22510),Liver,,,UK,370.30279093973036,-416.92321911233876
181,19991,19991,LIFE APEX,Real Sample,LIFE APEX 76 Bream muscle from Rhine Bimmen (2012),"Sun, 01/01/2012 - 22:00","Sun, 11/27/2011 - 22:00",LC-Bruker maXis QTOF: Submission #11,Bimmen,Germany,51.86051,6.071775,1,Wet weight,"Bream, Abramis brama",,,Rhine River,,River,,Rhine River Basin,,Fish (22486),Muscle,77.0,,Germany,-2017.1538365211425,148.70141730046043
182,19987,19987,LIFE APEX,Real Sample,LIFE APEX 78 Bream muscle from Rhine Bimmen (2016),"Fri, 01/01/2016 - 22:00","Fri, 11/27/2015 - 22:00",LC-Bruker maXis QTOF: Submission #11,Bimmen,Germany,51.86051,6.071775,1,Wet weight,"Bream, Abramis brama",,,Rhine River,,River,,Rhine River Basin,,Fish (22486),Muscle,80.0,,Germany,-1728.9339007039173,66.62540791059914
183,19114,19114,LIFE APEX,Real Sample,LIFE APEX 145 Eurasian Otter liver pooled from North England,"Fri, 01/01/2016 - 22:00","Fri, 11/27/2015 - 22:00",LC-Bruker maXis QTOF: Submission #11,Liverpool,UK,53.479349,-3.045326,1,Wet weight,Eurasian Otter,,,,2.0,Terrestrial environment,,,,Other (22510),Liver,67.01996861,,UK,1183.1105361957718,415.00577580491495
184,19110,19110,LIFE APEX,Real Sample,LIFE APEX 147 Eurasian Otter liver pooled from East Anglia,"Thu, 01/01/2015 - 22:00","Thu, 11/27/2014 - 22:00",LC-Bruker maXis QTOF: Submission #11,Norwich,UK,52.623224,1.329637,1,Wet weight,Eurasian Otter,,,,4.0,Terrestrial environment,,,,Other (22510),Liver,67.71874195,,UK,1143.9687524229591,444.58658224300626
185,21519,21519,LIFE APEX,Real Sample,LIFE APEX 38 Harbour Seal liver from Zuid-Holland,"Tue, 01/01/2019 - 22:00","Tue, 11/27/2018 - 22:00",LC-Bruker maXis QTOF: Submission #11,Rotterdam,Netherlands,51.901053,4.284472,1,Dry weight,Harbour Seal,,,Zuid-Holland,,Coastal region,,Zuid-Holland,,Other (22510),Liver,,,Netherlands,137.9749165005642,16.103167116930972
186,19867,19867,LIFE APEX,Real Sample,LIFE APEX 135 Otter liver from England and Wales (2015),"Thu, 01/01/2015 - 22:00","Thu, 11/27/2014 - 22:00",LC-Bruker maXis QTOF: Submission #11,London,UK,51.57467,-1.067028,0,Wet weight,"Eurasian Otter, Lutra lutra",,,UK,,River,,,,Other (22510),Liver,67.41630136,,Canada,-13.738910539911934,-917.210029776397
187,19947,19947,LIFE APEX,Real Sample,LIFE APEX 97 Harbour Seal liver from North Sea (2017),"Sun, 01/01/2017 - 22:00","Sun, 11/27/2016 - 22:00",LC-Bruker maXis QTOF: Submission #11,Cuxhaven,Germany,54.082933,8.48307,1,Wet weight,"Harbour Seal, Phoca vitulina",,,North Sea,,Coastal region,,North Sea Basin,,Other (22510),Liver,70.0,,Germany,207.98758663465296,-471.0046152413901
188,19885,19885,LIFE APEX,Real Sample,LIFE APEX 126 Otter liver from England and Wales (2013),"Tue, 01/01/2013 - 22:00","Tue, 11/27/2012 - 22:00",LC-Bruker maXis QTOF: Submission #11,London,UK,51.57467,-1.067028,0,Wet weight,"Eurasian Otter, Lutra lutra",,,UK,,River,,,,Other (22510),Liver,68.0,,Canada,365.0296756567006,-783.0958459179126
189,19072,19072,LIFE APEX,Real Sample,LIFE APEX 185 Buzzard liver pooled from Madrid,"Mon, 01/01/2018 - 22:00","Mon, 11/27/2017 - 22:00",LC-Bruker maXis QTOF: Submission #11,Madrid,Spain,40.635317,-3.904246,1,Wet weight,Buzzard,,,,3.0,Terrestrial environment,,,,Bird (22511),Liver,66.42649034,,Spain,2460.214072226786,804.0347543435671
190,21557,21557,LIFE APEX,Real Sample,LIFE APEX 18 Roach muscle from River Anker (Stationfields),"Sun, 01/01/2017 - 22:00","Sun, 11/27/2016 - 22:00",LC-Bruker maXis QTOF: Submission #11,Tamworth,UK,52.63664,-1.682843,1,Dry weight,Roach,,,Anker River Basin,,River,,Anker River Basin,,Fish (22486),Muscle,,,UK,-1401.3760951437446,1002.1553902238081
191,21509,21509,LIFE APEX,Real Sample,LIFE APEX 43 Buzzard liver from Baden-Wurttemberg,"Mon, 01/01/2018 - 22:00","Mon, 11/27/2017 - 22:00",LC-Bruker maXis QTOF: Submission #11,Stuttgart,Germany,48.748195,9.26744,1,Dry weight,Buzzard,,,Baden-Wurttemberg,,Terrestrial environment,,Baden-Wurttemberg,,Other (22510),Liver,,,Germany,-79.11994796567959,-365.2006061391278
192,21505,21505,LIFE APEX,Real Sample,LIFE APEX 45 Buzzard liver from North Rhine-Westphalia,"Mon, 01/01/2018 - 22:00","Mon, 11/27/2017 - 22:00",LC-Bruker maXis QTOF: Submission #11,Dortmund,Germany,51.55107,6.685865,1,Dry weight,Buzzard,,,North Rhine-Westphalia,,Terrestrial environment,,North Rhine-Westphalia,,Other (22510),Liver,,,Germany,246.13950297908858,46.95390566780657
193,21489,21489,LIFE APEX,Real Sample,LIFE APEX 53 Otter liver from Harjedalen-Jamtland,"Sun, 01/01/2017 - 22:00","Sun, 11/27/2016 - 22:00",LC-Bruker maXis QTOF: Submission #11,Ostersund,Sweden,63.138889,14.43978,1,Dry weight,Otter,,,Harjedalen-Jamtland,,River,,Harjedalen-Jamtland,,Other (22510),Liver,,,Sweden,-280.70786181894647,-336.51251272377107
194,19979,19979,LIFE APEX,Real Sample,LIFE APEX 81 Harbour Seal liver from North Sea (2001),"Mon, 01/01/2001 - 22:00","Mon, 11/27/2000 - 22:00",LC-Bruker maXis QTOF: Submission #11,Cuxhaven,Germany,54.082933,8.48307,1,Wet weight,"Harbour Seal, Phoca vitulina",,,North Sea,,Coastal region,,North Sea Basin,,Other (22510),Liver,71.0,,Germany,88.48893827468558,-633.428730187865
195,19941,19941,LIFE APEX,Real Sample,"LIFE APEX 99 Buzzard liver from England (2001, 2002)","Tue, 01/01/2002 - 22:00","Tue, 11/27/2001 - 22:00",LC-Bruker maXis QTOF: Submission #11,London,UK,51.329021,0.379717,0,Wet weight,"Buzzard, Buteo buteo",,,UK,,Terrestrial environment,,,,Other (22510),Liver,69.6424185,,Canada,594.3148912473395,-571.2761872825372
196,19074,19074,LIFE APEX,Real Sample,LIFE APEX 184 Buzzard liver pooled from Central and South Slovenia,"Sun, 01/01/2017 - 22:00","Sun, 11/27/2016 - 22:00",LC-Bruker maXis QTOF: Submission #11,Ljubljana,Slovenia,45.992352,14.383558,1,Wet weight,Buzzard,,,,2.0,Terrestrial environment,,,,Bird (22511),Liver,72.46723918,,Slovenia,2378.8776584496813,1153.465968641589
