Liver,Muscle,Egg,Other,id
True,True,False,False,NS00031630
True,True,True,True,NS00026810
True,True,False,False,NS00057262
True,False,False,False,NS00075435
True,True,True,True,NS00103524
True,False,False,False,NS00034588
True,True,True,True,NS00023620
True,True,False,False,NS00089538
True,True,True,True,NS00003571
True,False,False,False,NS00010129
True,True,False,True,NS00020074
True,True,True,True,NS00013838
True,False,False,False,NS00018040
True,False,False,False,NS00028286
True,False,False,False,NS00067085
True,False,False,False,NS00065126
True,True,True,False,NS00033412
True,True,False,False,NS00002769
True,True,True,True,NS00103571
True,False,False,False,NS00102971
True,True,True,False,NS00066302
True,True,False,True,NS00091056
True,True,True,True,NS00103380
True,False,False,False,NS00061034
True,False,False,False,NS00025276
True,True,False,False,NS00006123
True,False,False,False,NS00055086
True,True,True,False,NS00012139
True,True,True,False,NS00027071
True,False,False,False,NS00064368
True,True,False,False,NS00039543
True,True,True,True,NS00027511
True,True,False,False,NS00014345
True,False,False,False,NS00031458
True,False,False,False,NS00041923
True,False,False,False,NS00103182
True,True,True,True,NS00019591
True,True,True,True,NS00075477
True,True,False,False,NS00030032
True,True,False,False,NS00065112
True,False,False,False,NS00063113
True,False,False,True,NS00090396
True,False,False,False,NS00069001
True,False,False,True,NS00007379
True,False,False,False,NS00088210
True,True,False,False,NS00076875
True,True,False,True,NS00081814
True,True,True,False,NS00102518
True,False,False,False,NS00007079
True,True,True,True,NS00001071
True,False,False,False,NS00031043
True,False,False,False,NS00069043
True,True,False,True,NS00013184
True,False,False,True,NS00021737
True,False,False,False,NS00059956
True,False,False,False,NS00102798
True,True,False,True,NS00028562
True,False,False,False,NS00098129
True,False,False,False,NS00097281
True,False,False,False,NS00097375
True,True,True,True,NS00024563
True,True,True,False,NS00049006
True,True,False,True,NS00032204
True,True,True,True,NS00073053
True,False,False,False,NS00000345
True,False,False,False,NS00049736
True,False,False,False,NS00048600
True,False,False,False,NS00001756
True,True,False,True,NS00103666
True,True,True,False,NS00039671
True,True,False,False,NS00051089
True,False,False,False,NS00023466
True,True,True,True,NS00015352
True,True,True,False,NS00066049
True,True,True,True,NS00051850
True,False,False,False,NS00049683
True,False,False,False,NS00013935
True,True,True,True,NS00024955
True,True,False,False,NS00056266
True,False,False,False,NS00069814
True,True,True,True,NS00051748
True,True,True,True,NS00006341
True,True,True,False,NS00113911
True,False,False,False,NS00024349
True,True,True,True,NS00057829
True,False,False,False,NS00048853
True,True,False,False,NS00070799
True,False,False,False,NS00097343
True,False,False,False,NS00002883
True,True,True,True,NS00045407
True,True,False,True,NS00066538
True,True,False,True,NS00010561
True,False,False,False,NS00024322
True,True,True,False,NS00034938
True,True,True,True,NS00079923
True,False,False,False,NS00012917
True,True,True,True,NS00004755
True,True,False,False,NS00072646
True,True,True,True,NS00073334
True,True,False,False,NS00055297
True,False,False,False,NS00012987
True,True,False,False,NS00098130
True,False,False,False,NS00047779
True,True,False,False,NS00076873
True,True,True,True,NS00009497
True,True,False,False,NS00036667
True,False,False,False,NS00093894
True,True,False,True,NS00062357
True,True,False,False,NS00047546
True,False,False,True,NS00012355
True,True,True,False,NS00055559
True,True,False,False,NS00052091
True,False,False,False,NS00038955
True,True,False,True,NS00029635
True,True,False,False,NS00097245
True,True,False,False,NS00077407
True,True,False,True,NS00056537
True,True,True,False,NS00002896
True,False,False,False,NS00045067
True,True,False,True,NS00057189
True,True,False,False,NS00077070
True,True,True,True,NS00009745
True,False,False,False,NS00048915
True,False,False,False,NS00050098
True,False,False,False,NS00026351
True,False,False,False,NS00018311
True,False,False,False,NS00021561
True,True,False,False,NS00076381
True,False,True,False,NS00020788
True,False,False,False,NS00031118
True,True,False,False,NS00069912
True,True,True,True,NS00044915
True,True,True,True,NS00068215
True,False,False,False,NS00023546
True,True,True,True,NS00046966
True,False,False,False,NS00077800
True,True,False,True,NS00060505
True,True,False,True,NS00103450
True,False,False,False,NS00071620
True,False,False,True,NS00089771
True,True,False,False,NS00001044
True,True,False,False,NS00044155
True,True,True,False,NS00087611
True,False,False,False,NS00044329
True,True,False,False,NS00042461
True,True,True,False,NS00060065
True,False,False,False,NS00004583
True,True,True,True,NS00055903
True,False,False,False,NS00096360
True,False,False,False,NS00062224
True,False,False,False,NS00069903
True,True,False,False,NS00037018
True,True,False,False,NS00041955
True,False,False,False,NS00061412
True,True,False,False,NS00009133
True,True,False,True,NS00080438
True,False,False,False,NS00037797
True,False,False,False,NS00025274
True,True,False,True,NS00043336
True,False,False,False,NS00066818
True,False,False,False,NS00035064
True,True,True,True,NS00041142
True,True,False,True,NS00092491
True,False,False,False,NS00062703
True,False,False,False,NS00022011
True,False,False,False,NS00104022
True,True,True,True,NS00103541
True,True,True,True,NS00078848
True,True,False,True,NS00014330
True,False,False,False,NS00016935
True,True,True,False,NS00042372
True,True,False,False,NS00057564
True,True,False,True,NS00018678
True,True,True,True,NS00102962
True,True,True,True,NS00039361
True,True,True,True,NS00068274
True,False,False,False,NS00005624
True,False,False,False,NS00055940
True,True,False,True,NS00043696
True,False,False,False,NS00097027
True,True,False,False,NS00080269
True,True,False,False,NS00008744
True,True,False,True,NS00005230
True,True,False,False,NS00102568
True,True,False,False,NS00093005
True,True,False,False,NS00072212
True,True,True,True,NS00025626
True,True,True,True,NS00024723
True,False,False,False,NS00087231
True,False,False,False,NS00076685
True,True,True,True,NS00059957
True,False,False,False,NS00043065
True,True,True,False,NS00053148
True,False,False,False,NS00033036
True,False,False,False,NS00053581
True,True,True,True,NS00033410
True,False,False,False,NS00082988
True,True,False,True,NS00050225
True,False,False,False,NS00029345
True,True,False,False,NS00028058
True,False,False,False,NS00054803
True,True,True,True,NS00041934
True,False,False,False,NS00088225
True,True,False,True,NS00022287
True,False,False,False,NS00026078
True,False,False,False,NS00065135
True,True,True,False,NS00006719
True,True,False,True,NS00052873
True,False,False,False,NS00091494
True,False,False,False,NS00009207
True,True,True,True,NS00042621
True,True,True,True,NS00014420
True,True,False,False,NS00056124
True,True,False,False,NS00014907
True,True,False,True,NS00012115
True,True,True,True,NS00042057
True,True,True,True,NS00031171
True,True,True,True,NS00032722
True,False,False,False,NS00069936
True,True,False,True,NS00072199
True,False,False,False,NS00018044
True,False,False,False,NS00039838
True,False,False,False,NS00071809
True,True,False,False,NS00076590
True,True,True,True,NS00050119
True,False,False,False,NS00022411
True,False,False,False,NS00041660
True,False,False,False,NS00066742
True,True,True,True,NS00077846
True,True,True,False,NS00055981
True,False,False,False,NS00024523
True,False,False,False,NS00031881
True,False,False,False,NS00041906
True,True,False,True,NS00002052
True,True,True,True,NS00077713
True,True,False,False,NS00097284
True,False,False,False,NS00015421
True,False,False,False,NS00042695
True,True,True,True,NS00003513
True,False,False,False,NS00113914
True,True,False,False,NS00033390
True,True,False,False,NS00011524
True,False,False,False,NS00102887
True,False,False,False,NS00053314
True,False,False,False,NS00070952
True,False,False,False,NS00045262
True,False,False,False,NS00016940
True,True,True,True,NS00099790
True,False,False,True,NS00010089
True,True,True,True,NS00024861
True,False,False,False,NS00028374
True,True,False,True,NS00057162
True,True,False,True,NS00066006
True,False,False,False,NS00102945
True,True,True,True,NS00050273
True,True,False,True,NS00065219
True,False,False,False,NS00057875
True,True,False,True,NS00065426
True,False,False,False,NS00019587
True,True,True,True,NS00068268
True,False,False,False,NS00015595
True,True,False,False,NS00068588
True,True,False,False,NS00066115
True,False,False,False,NS00093893
True,True,False,True,NS00076985
True,True,False,False,NS00044849
True,True,False,False,NS00029599
True,False,False,False,NS00037504
True,False,False,False,NS00068704
True,True,False,True,NS00079979
True,True,False,True,NS00010329
True,False,False,False,NS00041941
True,True,False,False,NS00080641
True,False,False,False,NS00002164
True,True,False,False,NS00070268
True,False,False,False,NS00065369
True,True,False,True,NS00023114
True,True,True,True,NS00044094
True,True,True,True,NS00032963
True,False,False,False,NS00045219
True,True,False,True,NS00093549
True,False,False,False,NS00052992
True,False,False,False,NS00045855
True,True,False,True,NS00046865
True,True,False,True,NS00013650
True,True,False,False,NS00043845
True,True,True,True,NS00068839
True,False,False,False,NS00015778
True,True,True,True,NS00087463
True,True,True,True,NS00002612
True,False,False,False,NS00016946
True,True,True,False,NS00050547
True,True,False,True,NS00035434
True,False,False,False,NS00084490
True,False,False,False,NS00055847
True,True,False,True,NS00047239
True,True,True,True,NS00023457
True,False,False,False,NS00061765
True,True,False,True,NS00077181
True,False,False,False,NS00102499
True,True,True,True,NS00033183
True,False,False,False,NS00113932
True,False,False,False,NS00071549
True,False,False,False,NS00018626
True,True,False,True,NS00040286
True,True,False,False,NS00062415
True,True,True,True,NS00004169
True,True,True,True,NS00022512
True,True,False,True,NS00038975
True,False,False,False,NS00072001
True,True,False,False,NS00083282
True,True,True,True,NS00031374
True,True,False,True,NS00015112
True,False,False,False,NS00003690
True,False,False,False,NS00056818
True,False,False,False,NS00091144
True,False,False,False,NS00045537
True,True,True,False,NS00055484
True,True,False,False,NS00025205
True,True,False,True,NS00044483
True,False,False,False,NS00082835
True,False,False,False,NS00050647
True,True,True,True,NS00051439
True,True,True,True,NS00005539
True,True,False,False,NS00062440
True,True,True,True,NS00042184
True,False,False,False,NS00049274
True,False,False,False,NS00065978
True,True,True,True,NS00046627
True,True,False,False,NS00040234
True,True,True,True,NS00035281
True,True,True,True,NS00044101
True,True,True,True,NS00025722
True,False,False,False,NS00071142
True,True,True,True,NS00014860
True,False,False,False,NS00050850
True,False,False,False,NS00014438
True,True,True,True,NS00083296
True,False,False,False,NS00051620
True,True,False,False,NS00018018
True,True,True,False,NS00032465
True,False,False,False,NS00083168
True,True,False,False,NS00025516
True,False,False,False,NS00015506
True,False,False,False,NS00096546
True,True,True,False,NS00062376
True,True,False,True,NS00063877
True,True,True,True,NS00034020
True,False,False,False,NS00054234
True,True,True,True,NS00103542
True,True,False,False,NS00050526
True,False,False,False,NS00097076
True,False,False,False,NS00044207
True,True,False,False,NS00100938
True,True,True,True,NS00030694
True,False,False,False,NS00003070
True,False,False,False,NS00063421
True,True,False,True,NS00027607
True,True,False,True,NS00036641
True,False,False,False,NS00060125
True,True,False,True,NS00012419
True,True,True,True,NS00044427
True,True,False,False,NS00047965
True,True,False,False,NS00013909
True,False,False,False,NS00076568
True,True,False,True,NS00009631
True,False,False,False,NS00073037
True,False,False,False,NS00024354
True,True,True,False,NS00012626
True,False,False,False,NS00034140
True,False,False,False,NS00047786
True,True,True,True,NS00014365
True,True,False,True,NS00039694
True,True,True,True,NS00033076
True,True,False,False,NS00006972
True,False,False,False,NS00096498
True,True,True,False,NS00029164
True,True,True,True,NS00059241
True,True,False,False,NS00038193
True,True,True,True,NS00024526
True,True,True,True,NS00076456
True,False,False,False,NS00024010
True,True,True,True,NS00093502
True,True,False,True,NS00065488
True,False,False,False,NS00026488
True,False,False,False,NS00088895
True,True,True,True,NS00014224
True,True,False,False,NS00051042
True,True,False,True,NS00024137
True,True,False,True,NS00066046
True,True,False,True,NS00066733
True,False,False,False,NS00087256
True,False,False,False,NS00023339
True,False,False,False,NS00045088
True,True,False,True,NS00096680
True,False,False,False,NS00063762
True,True,True,False,NS00020358
True,False,False,True,NS00012994
True,True,True,True,NS00021917
True,True,False,True,NS00076871
True,False,False,False,NS00022256
True,True,False,True,NS00013174
True,True,True,True,NS00002670
True,True,True,True,NS00103698
True,True,True,True,NS00103702
True,True,True,True,NS00050353
True,False,False,False,NS00046542
True,False,False,False,NS00064939
True,False,False,False,NS00046850
True,False,False,False,NS00053422
True,True,False,False,NS00103996
True,False,False,False,NS00072772
True,False,False,False,NS00084340
True,False,False,False,NS00087821
True,True,True,True,NS00114117
True,False,False,False,NS00009026
True,True,False,False,NS00103038
True,True,True,True,NS00031030
True,False,False,False,NS00023594
True,True,False,True,NS00005376
True,True,False,True,NS00096256
True,True,True,True,NS00014836
True,True,False,True,NS00047882
True,True,True,True,NS00016951
True,False,False,False,NS00015160
True,True,True,True,NS00024107
True,True,False,False,NS00065604
True,False,False,False,NS00045908
True,False,True,False,NS00062137
True,False,False,False,NS00069961
True,False,False,False,NS00004944
True,False,False,False,NS00059781
True,True,True,True,NS00047131
True,False,False,False,NS00004801
True,True,False,False,NS00055328
True,False,False,False,NS00067281
True,True,True,True,NS00014764
True,True,False,False,NS00069911
True,True,False,False,NS00096101
True,True,True,True,NS00006792
True,True,True,True,NS00056967
True,False,False,False,NS00022249
True,True,False,False,NS00052373
True,True,True,True,NS00103703
True,False,False,False,NS00018014
True,True,False,False,NS00069859
True,True,True,True,NS00045552
True,True,False,False,NS00065883
True,False,False,False,NS00049238
True,False,False,False,NS00023858
True,True,False,False,NS00058643
True,False,False,False,NS00093927
True,True,True,True,NS00037502
True,True,False,True,NS00077084
True,True,True,False,NS00066648
True,False,False,True,NS00032349
True,False,False,False,NS00062540
True,False,False,False,NS00088489
True,False,False,False,NS00096929
True,True,False,True,NS00082101
True,True,True,False,NS00051943
True,False,False,True,NS00053882
True,True,False,True,NS00063989
True,False,False,False,NS00031875
True,False,False,False,NS00062887
True,True,True,False,NS00012669
True,True,True,True,NS00008811
True,True,True,True,NS00030917
True,False,False,False,NS00030446
True,False,False,False,NS00001427
True,False,False,False,NS00102766
True,True,False,False,NS00005555
True,True,True,True,NS00025185
True,False,False,False,NS00027609
True,False,False,False,NS00023448
True,True,True,True,NS00021751
True,True,False,False,NS00039579
True,True,True,True,NS00040020
True,True,False,True,NS00073628
True,True,True,False,NS00028640
True,False,False,False,NS00051579
True,True,True,False,NS00010307
True,True,False,False,NS00010575
True,False,False,False,NS00093864
True,False,False,True,NS00078830
True,False,False,False,NS00113896
True,True,True,True,NS00025345
True,True,False,False,NS00065443
True,True,True,False,NS00032293
True,True,True,True,NS00068209
True,True,False,True,NS00102699
True,True,True,False,NS00028034
True,True,False,True,NS00114112
True,False,False,False,NS00102539
True,True,False,False,NS00047264
True,True,False,False,NS00010558
True,True,True,False,NS00075812
True,False,False,False,NS00065200
True,True,False,True,NS00013132
True,True,False,True,NS00004091
True,True,False,False,NS00058955
True,True,True,True,NS00054686
True,True,False,True,NS00077004
True,True,False,False,NS00097431
True,False,False,False,NS00033999
True,True,True,True,NS00103548
True,True,True,True,NS00049835
True,True,True,True,NS00045458
True,False,False,False,NS00025632
True,True,True,False,NS00033411
True,True,False,False,NS00021677
True,True,False,True,NS00096699
True,False,False,False,NS00022729
True,False,False,False,NS00044380
True,False,False,False,NS00021741
True,False,False,False,NS00113877
True,True,False,True,NS00089802
True,True,True,True,NS00070100
True,False,False,False,NS00031184
True,True,True,True,NS00044317
True,True,True,True,NS00015339
True,False,False,False,NS00055438
True,True,False,True,NS00065004
True,True,False,True,NS00018022
True,True,False,False,NS00026904
True,False,False,False,NS00102809
True,False,False,False,NS00070904
True,True,True,True,NS00015522
True,False,False,False,NS00051692
True,True,False,True,NS00047760
True,False,False,False,NS00030218
True,False,False,False,NS00038327
True,True,False,False,NS00023592
True,True,True,True,NS00055217
True,True,True,True,NS00103545
True,True,True,True,NS00039122
True,False,False,False,NS00090661
True,True,False,False,NS00058902
True,True,False,True,NS00021840
True,False,False,False,NS00067920
True,False,False,False,NS00001513
True,False,False,False,NS00070325
True,False,False,False,NS00103636
True,False,False,False,NS00041512
True,True,False,True,NS00073226
True,False,False,False,NS00038136
True,True,True,True,NS00043335
True,False,False,False,NS00047419
True,True,False,True,NS00003807
True,False,False,False,NS00011953
True,False,False,False,NS00012961
True,False,False,False,NS00022233
True,True,False,True,NS00088679
True,False,False,False,NS00046705
True,False,False,False,NS00103743
True,True,False,True,NS00049122
True,True,True,True,NS00029392
True,False,False,False,NS00064390
True,True,False,True,NS00032219
True,False,False,False,NS00010557
True,True,True,False,NS00048063
True,True,True,True,NS00005364
True,False,False,False,NS00032076
True,False,False,False,NS00077374
True,False,False,False,NS00097427
True,False,False,False,NS00017979
True,True,True,True,NS00004520
True,False,False,True,NS00086912
True,True,False,True,NS00011929
True,True,False,True,NS00010521
True,True,False,True,NS00026057
True,False,False,True,NS00056957
True,False,False,False,NS00028208
True,False,False,False,NS00076874
True,True,False,False,NS00050715
True,False,False,False,NS00056492
True,True,False,True,NS00009930
True,True,False,False,NS00046310
True,True,False,False,NS00055801
True,False,False,False,NS00098064
True,True,False,False,NS00046549
True,True,False,False,NS00043834
True,True,False,True,NS00033142
True,True,True,True,NS00036692
True,False,False,False,NS00033763
True,True,True,True,NS00096371
True,False,False,False,NS00103580
True,True,False,False,NS00098641
True,False,False,False,NS00062606
True,True,False,False,NS00016530
True,True,False,False,NS00023584
True,False,False,False,NS00056023
True,True,False,False,NS00001574
True,False,False,False,NS00046519
True,True,True,True,NS00028987
True,False,False,False,NS00062676
True,True,True,False,NS00064092
True,False,False,False,NS00011525
True,True,True,True,NS00050809
True,False,False,False,NS00023405
True,True,False,True,NS00010730
True,True,True,True,NS00000678
True,True,False,False,NS00070474
True,True,False,False,NS00017059
True,True,True,True,NS00093370
True,True,False,True,NS00034738
True,True,False,True,NS00076566
True,True,False,False,NS00061609
True,False,False,False,NS00022225
True,True,False,False,NS00038808
True,True,False,True,NS00039453
True,False,False,False,NS00005455
True,True,True,True,NS00064773
True,False,False,False,NS00056741
True,True,False,True,NS00066700
True,True,True,False,NS00025203
True,False,False,False,NS00009235
True,True,True,True,NS00041930
True,True,True,True,NS00040730
True,False,False,False,NS00097296
True,False,False,False,NS00063717
True,True,False,False,NS00096130
True,False,False,False,NS00068181
True,False,False,False,NS00041092
True,True,True,True,NS00079427
True,True,True,True,NS00019705
True,True,False,False,NS00015218
True,True,True,True,NS00053093
True,False,False,False,NS00093865
True,True,True,True,NS00051247
True,False,False,False,NS00102482
True,False,False,False,NS00097072
True,False,False,False,NS00055046
True,True,False,False,NS00083062
True,True,True,True,NS00091206
True,False,False,False,NS00053525
True,False,False,False,NS00044980
True,True,False,False,NS00027832
True,False,False,False,NS00007986
True,True,False,True,NS00030548
True,True,True,True,NS00032841
True,True,False,False,NS00077503
True,False,False,False,NS00097339
True,False,False,False,NS00002145
True,True,True,False,NS00038184
True,True,True,True,NS00056605
True,True,False,False,NS00038659
True,True,True,True,NS00057017
True,True,True,True,NS00081944
True,False,False,False,NS00031659
True,False,False,False,NS00104010
True,True,True,True,NS00049140
True,False,False,False,NS00004773
True,False,False,True,NS00010280
True,True,False,False,NS00042671
True,True,False,True,NS00020597
True,False,False,False,NS00093861
True,True,True,True,NS00048539
True,True,False,True,NS00061696
True,False,False,False,NS00028655
True,False,False,False,NS00043758
True,True,False,True,NS00026184
True,False,False,False,NS00012584
True,True,False,False,NS00021885
True,False,False,False,NS00059756
True,True,False,True,NS00070820
True,True,True,True,NS00045249
True,False,False,False,NS00039040
True,True,False,True,NS00025671
True,False,False,False,NS00050314
True,True,False,False,NS00056232
True,False,False,False,NS00081299
True,True,False,False,NS00080808
True,False,False,False,NS00011933
True,False,False,False,NS00043320
True,True,False,True,NS00026720
True,True,True,True,NS00093006
True,False,False,False,NS00035603
True,False,False,False,NS00076848
True,True,False,True,NS00023665
True,False,False,False,NS00070563
True,True,True,True,NS00044347
True,True,True,True,NS00077167
True,False,False,False,NS00004242
True,True,False,False,NS00094827
True,True,True,True,NS00009579
True,False,False,False,NS00077429
True,False,True,False,NS00025643
True,True,False,True,NS00024123
True,False,False,False,NS00068083
True,False,False,False,NS00044847
True,True,True,True,NS00027561
True,True,False,False,NS00080307
True,False,False,False,NS00059565
True,False,False,False,NS00012962
True,False,False,False,NS00025478
True,True,True,True,NS00046367
True,False,False,False,NS00017061
True,True,False,False,NS00087259
True,False,False,False,NS00056607
True,True,False,True,NS00089689
True,True,False,True,NS00056666
True,False,False,False,NS00022559
True,False,False,False,NS00054966
True,True,False,False,NS00015213
True,True,True,True,NS00101077
True,True,False,False,NS00015216
True,False,False,False,NS00000013
True,True,True,True,NS00087997
True,False,False,False,NS00049960
True,True,False,False,NS00059215
True,False,False,False,NS00033382
True,False,False,False,NS00035548
True,False,False,False,NS00048020
True,True,True,True,NS00041357
True,False,False,False,NS00012560
True,False,False,False,NS00089881
True,True,False,False,NS00064578
True,False,False,False,NS00072057
True,False,False,False,NS00093208
True,True,False,False,NS00101016
True,True,True,True,NS00007075
True,True,True,True,NS00057102
True,True,False,False,NS00059184
True,True,False,False,NS00044904
True,True,False,False,NS00077598
True,False,False,False,NS00068969
True,True,True,False,NS00042478
True,True,True,False,NS00024994
True,False,False,False,NS00097046
True,True,True,True,NS00012989
True,True,True,True,NS00023564
True,True,True,False,NS00051676
True,True,True,False,NS00060652
True,False,False,False,NS00047596
True,False,False,False,NS00023166
True,False,False,False,NS00065602
True,False,False,False,NS00046659
True,False,False,False,NS00070410
True,False,False,False,NS00036173
True,False,False,False,NS00004662
True,True,True,True,NS00015772
True,True,False,False,NS00009663
True,True,True,True,NS00019773
True,True,False,False,NS00067871
True,True,True,True,NS00099351
True,False,False,False,NS00058211
True,False,False,False,NS00010338
True,True,False,True,NS00006597
True,False,False,False,NS00091256
True,True,False,False,NS00057269
True,False,False,False,NS00097434
True,True,False,True,NS00004035
True,False,False,False,NS00002106
True,False,False,False,NS00009432
True,False,False,False,NS00048001
True,True,False,False,NS00063426
True,False,False,True,NS00035136
True,False,False,False,NS00102182
True,True,True,False,NS00026200
True,False,False,False,NS00093900
True,False,False,False,NS00007997
True,True,False,False,NS00022421
True,True,True,True,NS00071557
True,True,False,False,NS00041348
True,True,False,True,NS00039754
True,True,False,True,NS00027586
True,True,True,True,NS00068158
True,False,False,False,NS00047551
True,True,False,False,NS00045323
True,False,False,False,NS00044428
True,True,True,True,NS00025233
True,False,False,False,NS00035624
True,False,False,False,NS00033946
True,True,False,True,NS00057574
True,True,False,True,NS00064845
True,True,False,False,NS00043436
True,False,False,False,NS00049871
True,False,False,False,NS00003422
True,True,False,False,NS00016751
True,True,False,True,NS00059167
True,False,False,False,NS00069893
True,False,False,False,NS00034751
True,True,False,False,NS00027137
True,False,False,False,NS00043505
True,False,False,False,NS00021624
True,False,False,False,NS00086214
True,True,False,False,NS00057334
True,False,False,False,NS00012384
True,False,False,False,NS00009541
True,True,False,False,NS00036569
True,True,True,True,NS00029444
True,True,False,False,NS00038185
True,True,True,False,NS00089347
True,True,True,True,NS00042224
True,True,False,True,NS00063764
True,False,False,False,NS00001272
True,False,False,False,NS00047190
True,True,False,False,NS00011523
True,False,False,False,NS00048953
True,True,True,True,NS00054401
True,True,True,True,NS00002463
True,True,False,False,NS00079915
True,True,False,False,NS00008961
True,False,False,False,NS00059675
True,True,False,True,NS00091377
True,True,True,False,NS00022777
True,True,True,True,NS00098831
True,True,True,True,NS00044314
True,False,False,False,NS00017994
True,True,False,False,NS00004429
True,False,False,False,NS00073440
True,True,False,True,NS00003330
True,True,False,True,NS00066739
True,False,False,False,NS00001327
True,False,False,False,NS00016936
True,False,False,False,NS00024330
True,True,False,True,NS00047113
True,False,False,False,NS00012386
True,False,False,False,NS00103219
True,True,True,True,NS00021506
True,False,False,False,NS00009834
True,False,False,False,NS00010665
True,True,False,False,NS00022518
True,True,False,False,NS00097335
True,False,False,False,NS00097381
True,False,False,False,NS00077235
True,True,False,True,NS00098131
True,False,False,True,NS00063140
True,False,False,False,NS00087817
True,False,False,False,NS00008330
True,True,False,False,NS00005079
True,True,False,False,NS00014867
True,True,True,False,NS00061305
True,True,False,True,NS00057477
True,False,False,False,NS00102406
True,False,False,False,NS00038878
True,True,False,True,NS00002768
True,True,True,True,NS00079617
True,False,False,False,NS00073246
True,True,False,True,NS00012103
True,True,False,False,NS00071254
True,True,False,False,NS00011960
True,True,False,True,NS00021566
True,True,True,True,NS00068080
True,True,False,False,NS00044633
True,True,False,False,NS00063139
True,True,True,True,NS00024733
True,True,False,False,NS00004731
True,False,False,False,NS00061496
True,True,False,False,NS00004166
True,False,False,False,NS00035988
True,False,False,False,NS00093518
True,True,False,False,NS00020367
True,True,False,True,NS00004878
True,True,True,False,NS00051115
True,True,False,False,NS00041509
True,True,True,False,NS00054975
True,False,False,False,NS00041195
True,True,False,False,NS00096856
True,False,False,False,NS00084328
True,True,True,False,NS00064959
True,True,False,True,NS00037039
True,True,False,True,NS00068409
True,False,False,False,NS00075410
True,True,False,True,NS00013685
True,False,False,False,NS00016931
True,True,False,False,NS00054418
True,False,False,False,NS00020905
True,True,False,True,NS00015193
True,True,True,False,NS00055528
True,False,False,False,NS00029007
True,True,False,False,NS00096626
True,True,False,False,NS00072645
True,False,False,False,NS00020044
True,True,True,True,NS00036818
True,True,False,True,NS00070992
True,False,False,False,NS00038164
True,True,False,True,NS00050757
True,True,True,True,NS00103567
True,True,False,False,NS00042832
True,False,False,False,NS00097130
True,False,False,False,NS00051920
True,True,False,True,NS00065476
True,False,False,False,NS00006784
True,True,False,False,NS00038729
True,True,True,True,NS00050143
True,True,False,True,NS00060774
True,True,False,True,NS00088638
True,True,True,True,NS00031942
True,False,False,False,NS00034756
True,False,False,False,NS00017964
True,True,False,True,NS00020426
True,False,False,False,NS00058097
True,True,True,True,NS00058909
True,True,True,True,NS00080659
True,True,True,True,NS00048061
True,True,True,True,NS00008981
True,True,False,True,NS00103476
True,False,False,False,NS00007867
True,False,False,False,NS00055892
True,False,False,False,NS00027599
True,True,True,True,NS00103389
True,True,False,True,NS00012343
True,True,False,True,NS00064467
True,True,False,False,NS00096067
True,True,False,True,NS00077187
True,True,False,True,NS00036145
True,False,False,False,NS00099197
True,True,True,True,NS00046088
True,True,True,True,NS00026901
True,True,False,True,NS00012800
True,True,False,False,NS00059882
True,False,False,False,NS00015463
True,False,False,False,NS00070379
True,False,False,False,NS00036381
True,True,True,True,NS00016086
True,False,False,True,NS00033979
True,True,False,True,NS00032738
True,False,False,False,NS00030547
True,False,False,False,NS00077516
True,False,False,True,NS00013667
True,False,False,False,NS00059110
True,False,False,False,NS00102940
True,False,False,False,NS00045984
True,False,False,False,NS00005040
True,True,True,True,NS00034251
True,True,False,False,NS00084798
True,True,False,True,NS00079002
True,True,True,True,NS00079461
True,False,False,False,NS00010315
True,False,False,False,NS00003094
True,True,True,True,NS00035934
True,True,False,False,NS00080255
True,False,False,False,NS00014908
True,False,False,False,NS00053006
True,False,False,False,NS00064794
True,False,False,False,NS00003123
True,False,False,False,NS00059468
True,False,False,False,NS00012996
True,True,False,True,NS00012110
True,True,True,True,NS00029657
True,True,False,False,NS00092369
True,False,False,False,NS00081480
True,True,True,True,NS00027804
True,True,True,True,NS00030859
True,True,False,False,NS00031148
True,False,False,False,NS00093896
True,True,True,False,NS00028837
True,False,False,False,NS00035568
True,True,True,False,NS00056429
True,True,False,False,NS00021167
True,False,False,False,NS00043193
True,True,False,True,NS00062564
True,False,False,False,NS00010693
True,False,False,False,NS00101981
True,True,False,False,NS00065517
True,False,False,False,NS00076555
True,True,False,True,NS00013176
True,False,False,False,NS00054166
True,False,False,False,NS00069295
True,False,False,False,NS00028938
True,True,False,True,NS00012499
True,False,False,False,NS00024840
True,False,False,False,NS00012959
True,True,True,True,NS00030688
True,True,False,False,NS00066795
True,False,False,False,NS00059976
True,True,True,True,NS00032723
True,True,False,True,NS00043796
True,True,True,False,NS00053129
True,True,False,False,NS00061544
True,False,False,False,NS00041585
True,True,False,False,NS00088992
True,False,False,False,NS00024488
True,False,False,False,NS00102480
True,True,True,True,NS00009993
True,False,False,False,NS00012559
True,True,True,True,NS00073203
True,False,False,False,NS00003686
True,False,False,False,NS00102505
True,True,True,False,NS00027072
True,True,False,True,NS00008596
True,False,False,False,NS00060737
True,True,False,True,NS00052434
True,True,True,True,NS00102608
True,True,False,True,NS00013096
True,False,False,False,NS00093906
True,True,False,False,NS00039585
True,True,False,False,NS00052660
True,True,False,False,NS00010302
True,False,False,False,NS00048774
True,True,False,True,NS00053112
True,True,False,True,NS00010328
True,True,False,True,NS00018679
True,False,False,False,NS00008848
True,True,True,False,NS00009403
True,True,False,True,NS00012531
True,True,False,False,NS00047877
True,False,False,False,NS00046453
False,True,True,True,NS00039544
False,True,True,True,NS00070158
False,True,True,True,NS00021103
False,True,True,True,NS00058223
False,True,False,False,NS00057686
False,True,False,False,NS00045565
False,True,True,False,NS00081755
False,True,True,True,NS00025712
False,True,True,True,NS00076579
False,True,True,True,NS00103944
False,True,False,False,NS00047355
False,True,False,False,NS00035117
False,True,False,False,NS00032786
False,True,False,False,NS00062390
False,True,False,False,NS00104011
False,True,True,True,NS00010095
False,True,True,True,NS00025070
False,True,False,False,NS00013947
False,True,True,True,NS00093489
False,True,True,True,NS00058022
False,True,True,True,NS00007962
False,True,True,True,NS00003410
False,True,True,True,NS00025843
False,True,True,True,NS00048572
False,True,False,False,NS00004830
False,True,True,True,NS00095873
False,True,True,True,NS00073946
False,True,False,False,NS00050874
False,True,True,True,NS00045385
False,True,False,False,NS00070451
False,True,False,False,NS00031920
False,True,False,True,NS00038224
False,True,False,False,NS00014847
False,True,True,False,NS00035661
False,True,True,True,NS00005874
False,True,True,True,NS00091126
False,True,True,True,NS00062585
False,True,True,True,NS00028038
False,True,True,True,NS00062035
False,True,True,True,NS00076877
False,True,False,False,NS00003147
False,True,True,True,NS00081725
False,True,False,False,NS00088134
False,True,True,True,NS00058666
False,True,True,True,NS00008227
False,True,False,False,NS00068427
False,True,True,True,NS00046488
False,True,False,False,NS00044243
False,True,False,False,NS00036928
False,True,True,True,NS00056522
False,True,False,False,NS00012816
False,True,True,True,NS00040340
False,True,False,False,NS00050024
False,True,False,False,NS00010297
False,True,False,False,NS00011457
False,True,False,False,NS00014541
False,True,True,True,NS00057997
False,True,False,False,NS00008124
False,True,False,False,NS00020835
False,True,True,True,NS00039534
False,True,True,False,NS00021517
False,True,False,False,NS00008501
False,True,True,True,NS00009285
False,True,False,False,NS00063307
False,True,False,False,NS00021069
False,True,False,True,NS00049625
False,True,True,False,NS00003040
False,True,True,True,NS00032880
False,True,False,False,NS00103421
False,True,False,False,NS00058158
False,True,False,False,NS00021147
False,True,True,True,NS00032253
False,True,True,True,NS00002753
False,True,False,False,NS00048825
False,True,True,True,NS00050362
False,True,False,False,NS00067613
False,True,True,True,NS00010606
False,True,True,True,NS00023542
False,True,False,False,NS00046084
False,True,False,False,NS00009558
False,True,False,False,NS00056340
False,True,False,False,NS00008068
False,True,True,True,NS00043586
False,True,True,True,NS00031341
False,True,False,False,NS00037383
False,True,False,False,NS00029831
False,True,False,False,NS00084059
False,True,False,False,NS00009956
False,True,True,True,NS00009822
False,True,False,False,NS00024756
False,True,False,False,NS00010591
False,True,True,True,NS00089335
False,True,False,False,NS00022623
False,True,True,True,NS00039110
False,True,False,False,NS00009931
False,True,True,True,NS00045060
False,True,False,False,NS00068281
False,True,False,False,NS00024353
False,True,False,False,NS00033745
False,True,False,False,NS00103234
False,True,True,True,NS00003291
False,True,False,False,NS00057545
False,True,True,True,NS00031777
False,True,False,False,NS00113928
False,True,True,True,NS00103464
False,True,True,True,NS00110330
False,True,True,True,NS00104065
False,True,False,True,NS00032823
False,True,False,False,NS00001295
False,True,False,False,NS00041311
False,True,True,True,NS00059530
False,True,True,True,NS00087969
False,True,True,True,NS00005434
False,True,False,False,NS00030792
False,True,True,False,NS00102676
False,True,False,False,NS00031382
False,True,False,False,NS00089130
False,True,True,True,NS00045227
False,True,True,True,NS00055045
False,True,False,False,NS00028652
False,True,True,False,NS00035152
False,True,True,True,NS00040070
False,True,True,True,NS00019078
False,True,False,False,NS00033746
False,True,False,False,NS00102534
False,True,True,True,NS00026114
False,True,True,True,NS00028941
False,True,False,False,NS00021021
False,True,True,False,NS00004207
False,True,True,True,NS00002166
False,True,True,True,NS00055701
False,True,True,True,NS00043495
False,True,True,False,NS00070860
False,True,True,False,NS00102621
False,True,True,True,NS00024697
False,True,False,False,NS00019686
False,True,True,True,NS00005193
False,True,False,False,NS00030321
False,True,True,True,NS00001002
False,True,True,True,NS00058381
False,True,True,True,NS00018665
False,True,True,True,NS00102184
False,True,False,False,NS00026939
False,True,False,False,NS00044836
False,True,True,True,NS00004118
False,True,True,True,NS00102326
False,True,True,False,NS00022549
False,True,False,False,NS00028476
False,True,False,False,NS00047005
False,True,False,False,NS00012119
False,True,False,False,NS00016773
False,True,False,False,NS00094746
False,True,False,False,NS00063192
False,True,False,False,NS00100395
False,True,True,True,NS00046208
False,True,False,False,NS00014568
False,True,False,False,NS00006018
False,True,True,True,NS00008322
False,True,False,False,NS00092718
False,True,False,False,NS00050728
False,True,False,False,NS00052135
False,True,False,False,NS00037945
False,True,True,True,NS00049032
False,True,False,False,NS00038665
False,True,False,False,NS00090452
False,True,False,False,NS00102670
False,True,True,True,NS00012347
False,True,True,True,NS00007218
False,True,False,True,NS00012170
False,True,False,False,NS00036930
False,True,False,False,NS00096315
False,True,True,True,NS00028824
False,True,False,False,NS00024755
False,True,False,False,NS00073198
False,True,False,False,NS00025445
False,True,False,True,NS00039724
False,True,False,False,NS00049214
False,True,False,False,NS00011448
False,True,True,True,NS00004620
False,True,True,True,NS00035967
False,True,False,False,NS00031273
False,True,True,True,NS00009063
False,True,False,False,NS00081262
False,True,False,False,NS00023120
False,True,False,False,NS00029165
False,True,True,True,NS00031211
False,True,True,True,NS00083791
False,True,False,False,NS00048907
False,True,True,True,NS00084745
False,True,False,False,NS00021574
False,True,True,False,NS00070663
False,True,False,False,NS00005146
False,True,False,False,NS00026402
False,True,False,False,NS00082050
False,True,False,False,NS00036246
False,True,False,False,NS00063360
False,True,True,True,NS00055624
False,True,True,True,NS00103401
False,True,False,False,NS00035572
False,True,False,False,NS00069929
False,True,True,True,NS00024130
False,True,True,True,NS00083382
False,True,False,False,NS00005728
False,True,False,False,NS00102666
False,True,True,True,NS00059323
False,True,False,True,NS00093126
False,True,False,True,NS00058741
False,True,True,True,NS00036949
False,True,False,False,NS00102569
False,True,False,True,NS00025496
False,True,False,False,NS00100350
False,True,False,False,NS00029485
False,True,False,False,NS00014752
False,True,False,False,NS00026044
False,True,False,False,NS00056626
False,True,False,True,NS00034468
False,True,True,False,NS00019711
False,True,True,True,NS00021764
False,True,False,False,NS00024794
False,True,True,True,NS00103184
False,True,False,False,NS00021805
False,True,False,False,NS00046524
False,True,True,True,NS00033464
False,True,False,False,NS00076950
False,True,False,False,NS00049029
False,True,True,False,NS00050867
False,True,True,True,NS00065754
False,True,True,True,NS00073945
False,True,True,False,NS00094821
False,True,True,True,NS00050149
False,True,False,False,NS00073393
False,True,True,True,NS00000395
False,True,False,False,NS00103444
False,True,False,False,NS00081999
False,True,True,True,NS00010621
False,True,False,False,NS00058299
False,True,True,True,NS00023256
False,True,True,False,NS00060406
False,True,True,True,NS00018664
False,True,False,True,NS00046655
False,True,False,True,NS00010683
False,True,False,False,NS00001913
False,True,False,False,NS00020765
False,True,True,True,NS00069446
False,True,False,False,NS00028600
False,True,False,False,NS00031843
False,True,False,False,NS00070222
False,True,False,False,NS00064377
False,True,False,False,NS00076853
False,True,False,False,NS00070778
False,True,False,False,NS00094151
False,True,False,False,NS00019859
False,True,False,False,NS00049489
False,True,False,True,NS00008649
False,True,False,False,NS00035054
False,True,False,False,NS00056194
False,True,False,False,NS00027350
False,True,False,False,NS00080066
False,True,False,False,NS00045638
False,True,False,False,NS00002500
False,True,False,False,NS00103063
False,True,True,True,NS00020309
False,True,True,False,NS00039519
False,True,False,False,NS00010210
False,True,False,False,NS00055085
False,True,False,False,NS00083771
False,True,True,True,NS00028475
False,True,True,True,NS00033354
False,True,True,True,NS00013576
False,True,True,True,NS00068721
False,True,False,False,NS00033767
False,True,True,True,NS00049466
False,True,False,False,NS00001643
False,True,True,False,NS00030690
False,True,True,False,NS00048111
False,True,True,True,NS00001592
False,True,True,True,NS00010576
False,True,True,True,NS00102751
False,True,True,True,NS00054039
False,True,False,False,NS00096141
False,True,True,True,NS00038822
False,True,True,True,NS00069171
False,True,False,False,NS00092348
False,True,True,True,NS00065005
False,True,True,True,NS00044587
False,True,True,True,NS00078145
False,True,True,True,NS00023621
False,True,False,False,NS00045008
False,True,True,False,NS00036229
False,True,False,False,NS00007474
False,True,False,False,NS00050003
False,True,True,True,NS00025075
False,True,True,True,NS00026740
False,True,False,False,NS00058028
False,True,True,True,NS00031650
False,True,False,False,NS00064119
False,True,True,True,NS00040067
False,True,False,False,NS00032131
False,True,False,False,NS00086944
False,True,True,True,NS00025391
False,True,False,True,NS00056768
False,True,True,True,NS00003157
False,True,True,True,NS00071116
False,True,False,False,NS00061337
False,True,True,True,NS00061536
False,True,False,False,NS00049782
False,True,False,False,NS00022610
False,True,False,False,NS00022350
False,True,True,True,NS00048598
False,True,True,True,NS00028851
False,True,False,False,NS00008056
False,True,False,False,NS00083027
False,True,False,False,NS00079647
False,True,True,True,NS00076583
False,True,False,False,NS00064003
False,True,True,True,NS00033822
False,True,False,False,NS00082367
False,True,False,False,NS00038989
False,True,True,True,NS00080813
False,True,True,True,NS00025204
False,True,True,True,NS00010605
False,True,False,False,NS00021601
False,True,False,False,NS00083957
False,True,False,False,NS00037643
False,True,False,False,NS00048442
False,True,False,False,NS00052033
False,True,True,True,NS00083859
False,True,True,True,NS00039525
False,True,True,True,NS00013353
False,True,True,True,NS00031368
False,True,True,True,NS00020632
False,True,False,True,NS00032822
False,True,True,True,NS00103397
False,True,True,True,NS00040068
False,True,True,True,NS00100442
False,True,False,False,NS00110575
False,True,True,True,NS00031373
False,True,True,False,NS00009950
False,True,False,False,NS00013178
False,True,True,False,NS00057418
False,True,False,False,NS00024358
False,True,True,True,NS00057952
False,True,False,False,NS00045621
False,True,True,True,NS00004273
False,True,False,False,NS00076951
False,True,True,True,NS00103163
False,True,False,False,NS00073856
False,True,False,True,NS00025266
False,True,True,True,NS00021527
False,True,True,True,NS00046569
False,True,True,True,NS00050946
False,True,True,True,NS00027626
False,True,False,True,NS00088541
False,True,True,False,NS00031813
False,True,True,True,NS00024297
False,True,False,False,NS00076847
False,True,True,True,NS00021873
False,True,False,False,NS00033111
False,True,True,True,NS00029300
False,True,True,True,NS00062200
False,True,False,False,NS00051861
False,True,True,True,NS00032683
False,True,True,True,NS00051384
False,True,False,False,NS00008036
False,True,True,True,NS00076534
False,True,False,False,NS00006674
False,True,False,False,NS00046935
False,True,True,True,NS00058541
False,True,True,True,NS00031994
False,True,False,False,NS00023861
False,True,True,False,NS00064247
False,True,False,True,NS00023386
False,True,False,False,NS00052767
False,True,True,True,NS00102378
False,True,True,True,NS00024431
False,True,True,True,NS00026724
False,True,True,True,NS00051397
False,True,False,False,NS00023412
False,True,True,True,NS00076664
False,True,True,True,NS00021348
False,True,False,False,NS00035549
False,True,False,False,NS00029450
False,True,False,False,NS00011961
False,True,True,True,NS00066541
False,True,False,False,NS00083227
False,True,False,False,NS00042805
False,True,False,False,NS00080753
False,True,True,False,NS00044515
False,True,False,False,NS00078840
False,True,False,False,NS00015523
False,True,True,True,NS00095796
False,True,False,False,NS00027286
False,True,True,False,NS00012985
False,True,False,False,NS00080182
False,True,True,True,NS00005889
False,True,True,True,NS00035810
False,True,True,False,NS00104144
False,True,False,False,NS00051054
False,True,False,False,NS00056998
False,True,False,False,NS00053933
False,True,True,True,NS00073863
False,True,True,True,NS00021795
False,True,False,False,NS00038848
False,True,True,True,NS00027056
False,True,False,False,NS00070164
False,True,True,True,NS00038392
False,True,True,True,NS00025607
False,True,False,False,NS00006480
False,True,False,False,NS00026430
False,True,False,True,NS00033427
False,True,False,False,NS00041502
False,True,False,False,NS00103064
False,True,False,False,NS00023551
False,True,True,True,NS00007746
False,True,False,False,NS00008644
False,True,False,False,NS00004733
False,True,True,True,NS00080207
False,True,False,False,NS00058710
False,True,False,False,NS00077538
False,True,False,False,NS00064131
False,True,True,True,NS00103523
False,True,False,False,NS00007831
False,True,True,True,NS00103320
False,True,True,True,NS00020601
False,True,False,False,NS00003589
False,True,False,False,NS00032539
False,True,True,True,NS00079789
False,True,False,True,NS00012748
False,False,True,False,NS00103605
False,False,True,False,NS00113898
False,False,True,True,NS00103949
False,False,True,False,NS00035999
False,False,True,False,NS00005826
False,False,True,False,NS00012900
False,False,True,True,NS00050875
False,False,True,False,NS00021249
False,False,True,False,NS00055434
False,False,True,True,NS00027908
False,False,True,False,NS00011517
False,False,True,True,NS00008110
False,False,True,False,NS00023617
False,False,True,False,NS00001325
False,False,True,False,NS00056293
False,False,True,False,NS00009452
False,False,True,False,NS00033287
False,False,True,False,NS00049390
False,False,True,False,NS00104176
False,False,True,False,NS00076527
False,False,True,False,NS00025774
False,False,True,True,NS00015502
False,False,True,False,NS00020834
False,False,True,False,NS00034525
False,False,True,False,NS00028996
False,False,True,True,NS00036592
False,False,True,False,NS00029884
False,False,True,False,NS00023917
False,False,True,False,NS00055694
False,False,True,False,NS00027605
False,False,True,False,NS00030420
False,False,True,False,NS00021494
False,False,True,False,NS00056712
False,False,True,True,NS00042904
False,False,True,False,NS00095904
False,False,True,False,NS00001880
False,False,True,True,NS00005371
False,False,True,True,NS00007128
False,False,True,False,NS00005792
False,False,True,True,NS00083231
False,False,True,False,NS00022015
False,False,True,False,NS00023209
False,False,True,False,NS00033026
False,False,True,False,NS00016779
False,False,True,False,NS00000985
False,False,True,False,NS00043601
False,False,True,False,NS00047741
False,False,True,False,NS00102924
False,False,True,False,NS00023255
False,False,True,False,NS00039193
False,False,True,True,NS00014783
False,False,True,True,NS00058950
False,False,True,True,NS00034131
False,False,True,False,NS00042507
False,False,True,True,NS00018448
False,False,True,True,NS00026302
False,False,True,False,NS00014736
False,False,True,False,NS00012102
False,False,True,False,NS00051491
False,False,True,True,NS00002964
False,False,True,False,NS00046366
False,False,True,False,NS00071784
False,False,True,False,NS00042517
False,False,True,False,NS00068931
False,False,True,True,NS00087135
False,False,True,False,NS00034676
False,False,True,False,NS00005233
False,False,True,True,NS00071941
False,False,True,True,NS00031825
False,False,True,False,NS00041350
False,False,True,True,NS00033834
False,False,True,True,NS00055068
False,False,True,True,NS00067382
False,False,True,False,NS00034876
False,False,True,True,NS00046098
False,False,True,True,NS00053291
False,False,True,False,NS00025468
False,False,True,False,NS00022329
False,False,True,True,NS00001469
False,False,True,False,NS00019586
False,False,True,True,NS00000335
False,False,True,True,NS00044583
False,False,True,False,NS00089569
False,False,True,True,NS00061813
False,False,True,True,NS00008374
False,False,True,False,NS00000537
False,False,True,True,NS00059889
False,False,True,True,NS00056624
False,False,True,False,NS00028483
False,False,True,False,NS00013870
False,False,True,False,NS00064197
False,False,True,False,NS00056803
False,False,True,True,NS00014749
False,False,True,False,NS00104101
False,False,True,False,NS00103849
False,False,True,False,NS00040412
False,False,True,True,NS00011495
False,False,True,False,NS00030962
False,False,True,False,NS00102579
False,False,True,True,NS00024284
False,False,True,False,NS00026856
False,False,True,True,NS00081974
False,False,True,True,NS00100967
False,False,True,False,NS00036687
False,False,True,True,NS00014789
False,False,True,True,NS00071046
False,False,True,True,NS00103181
False,False,True,False,NS00009298
False,False,True,False,NS00002617
False,False,True,False,NS00021496
False,False,True,False,NS00089561
False,False,True,True,NS00030811
False,False,True,True,NS00067601
False,False,True,True,NS00000226
False,False,True,True,NS00056144
False,False,True,False,NS00102594
False,False,True,True,NS00051867
False,False,True,False,NS00014711
False,False,True,False,NS00020553
False,False,True,False,NS00104147
False,False,True,False,NS00035547
False,False,True,False,NS00056432
False,False,True,True,NS00035843
False,False,True,False,NS00033903
False,False,True,False,NS00048027
False,False,True,True,NS00014730
False,False,True,True,NS00069968
False,False,True,True,NS00047289
False,False,True,False,NS00007954
False,False,True,True,NS00033640
False,False,True,True,NS00081258
False,False,True,True,NS00041163
False,False,True,True,NS00023504
False,False,True,False,NS00065576
False,False,True,True,NS00034659
False,False,True,False,NS00062963
False,False,True,False,NS00031226
False,False,True,True,NS00057232
False,False,True,True,NS00077810
False,False,True,True,NS00015304
False,False,True,False,NS00033899
False,False,True,True,NS00042472
False,False,True,False,NS00034673
False,False,True,False,NS00001814
False,False,True,True,NS00068586
False,False,True,False,NS00080227
False,False,True,True,NS00013404
False,False,True,True,NS00049241
False,False,True,False,NS00022365
False,False,True,False,NS00093142
False,False,True,False,NS00062211
False,False,True,True,NS00046129
False,False,True,False,NS00048329
False,False,True,False,NS00045334
False,False,True,False,NS00002569
False,False,True,False,NS00022521
False,False,True,False,NS00013138
False,False,True,False,NS00054092
False,False,True,False,NS00008246
False,False,True,False,NS00100374
False,False,True,False,NS00113895
False,False,True,False,NS00009372
False,False,True,False,NS00008328
False,False,True,True,NS00024691
False,False,True,False,NS00009847
False,False,True,True,NS00045618
False,False,True,False,NS00039539
False,False,True,False,NS00023825
False,False,True,False,NS00003416
False,False,True,True,NS00044475
False,False,True,False,NS00096329
False,False,True,False,NS00028501
False,False,True,False,NS00083760
False,False,True,False,NS00006305
False,False,True,False,NS00086872
False,False,True,True,NS00028304
False,False,True,False,NS00034278
False,False,True,True,NS00079448
False,False,True,False,NS00069948
False,False,True,False,NS00030158
False,False,True,False,NS00009976
False,False,True,False,NS00026985
False,False,True,False,NS00020242
False,False,True,True,NS00035727
False,False,True,False,NS00045176
False,False,True,True,NS00035770
False,False,True,True,NS00048903
False,False,True,True,NS00032225
False,False,True,False,NS00045279
False,False,True,False,NS00054757
False,False,True,False,NS00044727
False,False,True,False,NS00073598
False,False,True,False,NS00088441
False,False,True,False,NS00068717
False,False,True,True,NS00054536
False,False,True,True,NS00049052
False,False,True,True,NS00070098
False,False,True,True,NS00002001
False,False,True,False,NS00061301
False,False,True,True,NS00017947
False,False,True,False,NS00113403
False,False,True,True,NS00045481
False,False,True,False,NS00095876
False,False,True,False,NS00065575
False,False,True,True,NS00053110
False,False,True,True,NS00053739
False,False,True,False,NS00049181
False,False,True,False,NS00033373
False,False,True,False,NS00023041
False,False,True,False,NS00029948
False,False,True,False,NS00050648
False,False,True,True,NS00014888
False,False,True,False,NS00037914
False,False,True,True,NS00033216
False,False,True,False,NS00043076
False,False,True,False,NS00012015
False,False,True,False,NS00033605
False,False,True,True,NS00001778
False,False,True,True,NS00030279
False,False,True,False,NS00055573
False,False,True,False,NS00010899
False,False,True,False,NS00025277
False,False,True,False,NS00058119
False,False,True,True,NS00012842
False,False,True,True,NS00070126
False,False,True,False,NS00080506
False,False,True,False,NS00102630
False,False,True,True,NS00049417
False,False,True,False,NS00057995
False,False,True,True,NS00069379
False,False,True,False,NS00103148
False,False,True,False,NS00037026
False,False,True,False,NS00045493
False,False,True,False,NS00104162
False,False,True,True,NS00049075
False,False,True,False,NS00083444
False,False,True,False,NS00068687
False,False,True,True,NS00038393
False,False,True,True,NS00010802
False,False,True,False,NS00037328
False,False,True,False,NS00035214
False,False,True,True,NS00025014
False,False,True,True,NS00084247
False,False,True,False,NS00021798
False,False,True,True,NS00026979
False,False,True,False,NS00094833
False,False,True,True,NS00066263
False,False,True,False,NS00038923
False,False,True,True,NS00021718
False,False,True,False,NS00082254
False,False,True,False,NS00022353
False,False,True,False,NS00008384
False,False,True,False,NS00030787
False,False,True,True,NS00035742
False,False,True,False,NS00023262
False,False,True,False,NS00060628
False,False,True,False,NS00094547
False,False,True,True,NS00093963
False,False,True,True,NS00017925
False,False,True,True,NS00097077
False,False,True,False,NS00060528
False,False,True,False,NS00050524
False,False,True,False,NS00077153
False,False,True,False,NS00086838
False,False,True,False,NS00028296
False,False,True,True,NS00102722
False,False,True,True,NS00073566
False,False,True,False,NS00018618
False,False,True,False,NS00114091
False,False,True,False,NS00047003
False,False,True,False,NS00021605
False,False,True,False,NS00113862
False,False,True,False,NS00025758
False,False,True,True,NS00037875
False,False,True,True,NS00114027
False,False,True,True,NS00064840
False,False,True,False,NS00028114
False,False,True,False,NS00018065
False,False,True,False,NS00027699
False,False,True,False,NS00045548
False,False,True,False,NS00008914
False,False,True,True,NS00053365
False,False,True,False,NS00034864
False,False,True,False,NS00102195
False,False,True,False,NS00079978
False,False,True,True,NS00026936
False,False,True,True,NS00049885
False,False,True,False,NS00022957
False,False,True,False,NS00001845
False,False,True,False,NS00055791
False,False,True,False,NS00043001
False,False,True,False,NS00070468
False,False,True,False,NS00028979
False,False,True,False,NS00029114
False,False,True,True,NS00001390
False,False,True,False,NS00025002
False,False,True,False,NS00052403
False,False,True,False,NS00055714
False,False,True,True,NS00098451
False,False,True,True,NS00052418
False,False,True,False,NS00039081
False,False,True,True,NS00054763
False,False,True,False,NS00029849
False,False,True,False,NS00013941
False,False,True,False,NS00033919
False,False,True,False,NS00001482
False,False,True,False,NS00013741
False,False,True,False,NS00029400
False,False,True,True,NS00065909
False,False,True,False,NS00034814
False,False,True,True,NS00034811
False,False,True,False,NS00037050
False,False,True,False,NS00003987
False,False,True,False,NS00094839
False,False,True,True,NS00034582
False,False,True,False,NS00012691
False,False,True,False,NS00089164
False,False,True,False,NS00001622
False,False,True,False,NS00025556
False,False,True,False,NS00039103
False,False,True,True,NS00006334
False,False,True,True,NS00051843
False,False,True,False,NS00042249
False,False,True,False,NS00021495
False,False,True,False,NS00023105
False,False,True,True,NS00057655
False,False,True,True,NS00028217
False,False,True,False,NS00114025
False,False,True,True,NS00071932
False,False,True,False,NS00089562
False,False,True,False,NS00047171
False,False,True,True,NS00002087
False,False,True,True,NS00023168
False,False,True,True,NS00102427
False,False,True,False,NS00103573
False,False,True,False,NS00003625
False,False,True,True,NS00034680
False,False,True,False,NS00045946
False,False,True,False,NS00044608
False,False,True,True,NS00093965
False,False,True,True,NS00061447
False,False,True,False,NS00113948
False,False,True,True,NS00064753
False,False,True,False,NS00002730
False,False,True,False,NS00005154
False,False,True,True,NS00021794
False,False,True,False,NS00010817
False,False,True,True,NS00027810
False,False,True,False,NS00033889
False,False,True,False,NS00114043
False,False,True,False,NS00103973
False,False,True,True,NS00035348
False,False,True,False,NS00042977
False,False,True,False,NS00023577
False,False,True,True,NS00021124
False,False,True,False,NS00089473
False,False,True,True,NS00050527
False,False,True,True,NS00035413
False,False,True,True,NS00046862
False,False,True,False,NS00015000
False,False,True,False,NS00054241
False,False,True,True,NS00015775
False,False,True,False,NS00025828
False,False,True,False,NS00049346
False,False,True,False,NS00002763
False,False,True,True,NS00027033
False,False,True,False,NS00022190
False,False,True,True,NS00025791
False,False,True,True,NS00010316
False,False,True,False,NS00022774
False,False,True,False,NS00080669
False,False,True,False,NS00051386
False,False,True,False,NS00028853
False,False,True,False,NS00044332
False,False,True,True,NS00028985
False,False,True,True,NS00029275
False,False,True,True,NS00014904
False,False,True,True,NS00038371
False,False,True,True,NS00103431
False,False,True,False,NS00103974
False,False,True,True,NS00036904
False,False,True,False,NS00010088
False,False,True,True,NS00049449
False,False,True,False,NS00060551
False,False,True,True,NS00060341
False,False,True,False,NS00032406
False,False,True,True,NS00014791
False,False,True,False,NS00035288
False,False,True,False,NS00075367
False,False,True,False,NS00078224
False,False,True,True,NS00079449
False,False,True,True,NS00063872
False,False,True,False,NS00042619
False,False,True,True,NS00044394
False,False,True,True,NS00057356
False,False,True,False,NS00015166
False,False,True,False,NS00101107
False,False,True,False,NS00070496
False,False,True,False,NS00024156
False,False,True,False,NS00102041
False,False,True,True,NS00004369
False,False,True,True,NS00028218
False,False,True,False,NS00008462
False,False,True,False,NS00025914
False,False,True,False,NS00003039
False,False,True,True,NS00005235
False,False,True,True,NS00102089
False,False,True,False,NS00050658
False,False,True,True,NS00046167
False,False,True,True,NS00025262
False,False,True,False,NS00067741
False,False,True,False,NS00032674
False,False,True,False,NS00051256
False,False,True,False,NS00007256
False,False,True,False,NS00056014
False,False,True,False,NS00050341
False,False,True,True,NS00000308
False,False,True,True,NS00048813
False,False,True,False,NS00030294
False,False,True,True,NS00061123
False,False,True,False,NS00002587
False,False,True,True,NS00027846
False,False,True,True,NS00009989
False,False,True,True,NS00060307
False,False,True,False,NS00066262
False,False,True,False,NS00002558
False,False,True,True,NS00023357
False,False,True,False,NS00066153
False,False,True,False,NS00019724
False,False,True,False,NS00062534
False,False,True,False,NS00013558
False,False,True,True,NS00014579
False,False,True,False,NS00010086
False,False,True,True,NS00029857
False,False,True,True,NS00006073
False,False,True,True,NS00041032
False,False,True,False,NS00094171
False,False,True,False,NS00050318
False,False,True,False,NS00047774
False,False,True,True,NS00033908
False,False,True,False,NS00020859
False,False,True,True,NS00029058
False,False,True,False,NS00049154
False,False,True,False,NS00083536
False,False,True,True,NS00048316
False,False,True,False,NS00037844
False,False,True,False,NS00083259
False,False,True,False,NS00080446
False,False,True,False,NS00076665
False,False,True,True,NS00014086
False,False,True,True,NS00024988
False,False,True,False,NS00068807
False,False,True,False,NS00011516
False,False,True,True,NS00038095
False,False,True,True,NS00007684
False,False,True,False,NS00001680
False,False,True,False,NS00028980
False,False,True,False,NS00041869
False,False,True,False,NS00060649
False,False,True,True,NS00092618
False,False,True,False,NS00039332
False,False,True,False,NS00095845
False,False,True,False,NS00045954
False,False,True,False,NS00069502
False,False,True,True,NS00069969
False,False,True,True,NS00077409
False,False,True,False,NS00012071
False,False,True,False,NS00008151
False,False,True,False,NS00030025
False,False,True,False,NS00034947
False,False,True,False,NS00050421
False,False,True,False,NS00005988
False,False,True,True,NS00037203
False,False,True,False,NS00076591
False,False,True,False,NS00044493
False,False,True,False,NS00014941
False,False,True,True,NS00005091
False,False,True,False,NS00007714
False,False,True,True,NS00036883
False,False,True,True,NS00031852
False,False,True,False,NS00014636
False,False,True,False,NS00035718
False,False,True,True,NS00021540
False,False,True,False,NS00030587
False,False,True,False,NS00022361
False,False,True,False,NS00043257
False,False,True,False,NS00015344
False,False,True,True,NS00028929
False,False,True,True,NS00004400
False,False,True,False,NS00039561
False,False,True,True,NS00069711
False,False,True,True,NS00077858
False,False,True,True,NS00094546
False,False,True,True,NS00003726
False,False,True,False,NS00026701
False,False,True,False,NS00037452
False,False,True,False,NS00032584
False,False,True,True,NS00036117
False,False,True,False,NS00003497
False,False,True,False,NS00059502
False,False,True,True,NS00030930
False,False,True,False,NS00016400
False,False,True,False,NS00025105
False,False,True,True,NS00094736
False,False,True,True,NS00015197
False,False,True,False,NS00083210
False,False,True,True,NS00056506
False,False,True,True,NS00020490
False,False,True,False,NS00048546
False,False,True,True,NS00094707
False,False,True,True,NS00070549
False,False,True,True,NS00012993
False,False,True,True,NS00067711
False,False,True,True,NS00040467
False,False,True,True,NS00013937
False,False,True,False,NS00045207
False,False,True,False,NS00035263
False,False,True,False,NS00082993
False,False,True,False,NS00001775
False,False,True,False,NS00054051
False,False,True,True,NS00033835
False,False,True,False,NS00046812
False,False,True,False,NS00056757
False,False,True,True,NS00005375
False,False,True,False,NS00089348
False,False,True,False,NS00003596
False,False,True,True,NS00044062
False,False,True,True,NS00046652
False,False,True,False,NS00021200
False,False,True,True,NS00004684
False,False,True,False,NS00012225
False,False,True,True,NS00093925
False,False,True,False,NS00013557
False,False,True,False,NS00046837
False,False,True,True,NS00069954
False,False,True,False,NS00024991
False,False,True,False,NS00025673
False,False,True,True,NS00079760
False,False,True,False,NS00049739
False,False,True,True,NS00069214
False,False,True,True,NS00003780
False,False,True,False,NS00022928
False,False,True,False,NS00082947
False,False,True,True,NS00006947
False,False,True,False,NS00006225
False,False,False,True,NS00060463
False,False,False,True,NS00032274
False,False,False,True,NS00013987
False,False,False,True,NS00066520
False,False,False,True,NS00054731
False,False,False,True,NS00038600
False,False,False,True,NS00035213
False,False,False,True,NS00055533
False,False,False,True,NS00057958
False,False,False,True,NS00044473
False,False,False,True,NS00049510
False,False,False,True,NS00063369
False,False,False,True,NS00022117
False,False,False,True,NS00015234
False,False,False,True,NS00103191
False,False,False,True,NS00064775
False,False,False,True,NS00051922
False,False,False,True,NS00063880
False,False,False,True,NS00033323
False,False,False,True,NS00012580
False,False,False,True,NS00022343
False,False,False,True,NS00043433
False,False,False,True,NS00065309
False,False,False,True,NS00015476
False,False,False,True,NS00061252
False,False,False,True,NS00096681
False,False,False,True,NS00057320
False,False,False,True,NS00075639
False,False,False,True,NS00044001
False,False,False,True,NS00066034
False,False,False,True,NS00002378
False,False,False,True,NS00103084
False,False,False,True,NS00048046
False,False,False,True,NS00056518
False,False,False,True,NS00054491
False,False,False,True,NS00011946
False,False,False,True,NS00018677
False,False,False,True,NS00032385
False,False,False,True,NS00053711
False,False,False,True,NS00059093
False,False,False,True,NS00064389
False,False,False,True,NS00005721
False,False,False,True,NS00049520
False,False,False,True,NS00064188
False,False,False,True,NS00052752
False,False,False,True,NS00022058
False,False,False,True,NS00037290
False,False,False,True,NS00049901
False,False,False,True,NS00062667
False,False,False,True,NS00021927
False,False,False,True,NS00050299
False,False,False,True,NS00013367
False,False,False,True,NS00012025
False,False,False,True,NS00027523
False,False,False,True,NS00054926
False,False,False,True,NS00022527
False,False,False,True,NS00099294
False,False,False,True,NS00065154
False,False,False,True,NS00002519
False,False,False,True,NS00096689
False,False,False,True,NS00076561
False,False,False,True,NS00056324
False,False,False,True,NS00077630
False,False,False,True,NS00002331
False,False,False,True,NS00080668
False,False,False,True,NS00045044
False,False,False,True,NS00062117
False,False,False,True,NS00003902
False,False,False,True,NS00039846
False,False,False,True,NS00061491
False,False,False,True,NS00066701
False,False,False,True,NS00062287
False,False,False,True,NS00058248
False,False,False,True,NS00013663
False,False,False,True,NS00037613
False,False,False,True,NS00028581
False,False,False,True,NS00062749
False,False,False,True,NS00027274
False,False,False,True,NS00063387
False,False,False,True,NS00012591
False,False,False,True,NS00062060
False,False,False,True,NS00018690
False,False,False,True,NS00060858
False,False,False,True,NS00037973
False,False,False,True,NS00012693
False,False,False,True,NS00063888
False,False,False,True,NS00029804
False,False,False,True,NS00010746
False,False,False,True,NS00080271
False,False,False,True,NS00015167
False,False,False,True,NS00055582
False,False,False,True,NS00026409
False,False,False,True,NS00056517
False,False,False,True,NS00037963
False,False,False,True,NS00061030
False,False,False,True,NS00049722
False,False,False,True,NS00094212
False,False,False,True,NS00088265
False,False,False,True,NS00032932
False,False,False,True,NS00053868
False,False,False,True,NS00024812
False,False,False,True,NS00015135
False,False,False,True,NS00052779
False,False,False,True,NS00019793
False,False,False,True,NS00010731
False,False,False,True,NS00050470
False,False,False,True,NS00060775
False,False,False,True,NS00052900
False,False,False,True,NS00049902
False,False,False,True,NS00012072
False,False,False,True,NS00057054
False,False,False,True,NS00031506
False,False,False,True,NS00066664
False,False,False,True,NS00055164
False,False,False,True,NS00051286
False,False,False,True,NS00050598
False,False,False,True,NS00095911
False,False,False,True,NS00095016
False,False,False,True,NS00086978
False,False,False,True,NS00044708
False,False,False,True,NS00076546
False,False,False,True,NS00025464
False,False,False,True,NS00057718
False,False,False,True,NS00035212
False,False,False,True,NS00046576
False,False,False,True,NS00037754
False,False,False,True,NS00039336
False,False,False,True,NS00056715
False,False,False,True,NS00012518
False,False,False,True,NS00038455
False,False,False,True,NS00024570
False,False,False,True,NS00037507
False,False,False,True,NS00028519
False,False,False,True,NS00027904
False,False,False,True,NS00009928
False,False,False,True,NS00113960
False,False,False,True,NS00001041
False,False,False,True,NS00061941
False,False,False,True,NS00025398
False,False,False,True,NS00053195
False,False,False,True,NS00057848
False,False,False,True,NS00028816
False,False,False,True,NS00060563
False,False,False,True,NS00040315
False,False,False,True,NS00048980
False,False,False,True,NS00089756
False,False,False,True,NS00021905
False,False,False,True,NS00045384
False,False,False,True,NS00065485
False,False,False,True,NS00113580
False,False,False,True,NS00047328
False,False,False,True,NS00009058
False,False,False,True,NS00021845
False,False,False,True,NS00063262
False,False,False,True,NS00049391
False,False,False,True,NS00022162
False,False,False,True,NS00056826
False,False,False,True,NS00012502
False,False,False,True,NS00066458
False,False,False,True,NS00025008
False,False,False,True,NS00047981
False,False,False,True,NS00018681
False,False,False,True,NS00088566
False,False,False,True,NS00073493
False,False,False,True,NS00034960
False,False,False,True,NS00022589
False,False,False,True,NS00066005
False,False,False,True,NS00022210
False,False,False,True,NS00004907
False,False,False,True,NS00009313
False,False,False,True,NS00029848
False,False,False,True,NS00023945
False,False,False,True,NS00014853
False,False,False,True,NS00028142
False,False,False,True,NS00059363
False,False,False,True,NS00052548
False,False,False,True,NS00025952
False,False,False,True,NS00012943
False,False,False,True,NS00039681
False,False,False,True,NS00018423
False,False,False,True,NS00054755
False,False,False,True,NS00080624
False,False,False,True,NS00029850
False,False,False,True,NS00014801
False,False,False,True,NS00055660
False,False,False,True,NS00059927
False,False,False,True,NS00076559
False,False,False,True,NS00058184
False,False,False,True,NS00082204
False,False,False,True,NS00084531
False,False,False,True,NS00019600
False,False,False,True,NS00093410
False,False,False,True,NS00064628
False,False,False,True,NS00051097
False,False,False,True,NS00038812
False,False,False,True,NS00049058
False,False,False,True,NS00013091
False,False,False,True,NS00014800
False,False,False,True,NS00007360
False,False,False,True,NS00076567
False,False,False,True,NS00014757
False,False,False,True,NS00032656
False,False,False,True,NS00064344
False,False,False,True,NS00036143
False,False,False,True,NS00051645
False,False,False,True,NS00009395
False,False,False,True,NS00063514
False,False,False,True,NS00058391
False,False,False,True,NS00096363
False,False,False,True,NS00007456
False,False,False,True,NS00066560
False,False,False,True,NS00090030
False,False,False,True,NS00010039
False,False,False,True,NS00046609
False,False,False,True,NS00012655
False,False,False,True,NS00020040
False,False,False,True,NS00054447
False,False,False,True,NS00019990
False,False,False,True,NS00057528
False,False,False,True,NS00022766
False,False,False,True,NS00064747
False,False,False,True,NS00044954
False,False,False,True,NS00054586
False,False,False,True,NS00009802
False,False,False,True,NS00034784
False,False,False,True,NS00047107
False,False,False,True,NS00058075
False,False,False,True,NS00013033
False,False,False,True,NS00028499
False,False,False,True,NS00048767
False,False,False,True,NS00028925
False,False,False,True,NS00012590
